-- phpMyAdmin SQL Dump
-- version 5.2.1
-- https://www.phpmyadmin.net/
--
-- Anamakine: localhost:3306
-- Üretim Zamanı: 28 May 2024, 14:04:32
-- Sunucu sürümü: 10.5.25-MariaDB
-- PHP Sürümü: 8.2.15

SET SQL_MODE = "NO_AUTO_VALUE_ON_ZERO";
START TRANSACTION;
SET time_zone = "+00:00";


/*!40101 SET @OLD_CHARACTER_SET_CLIENT=@@CHARACTER_SET_CLIENT */;
/*!40101 SET @OLD_CHARACTER_SET_RESULTS=@@CHARACTER_SET_RESULTS */;
/*!40101 SET @OLD_COLLATION_CONNECTION=@@COLLATION_CONNECTION */;
/*!40101 SET NAMES utf8mb4 */;

--
-- Veritabanı: `enesbabekoglu_lab`
--

-- --------------------------------------------------------

--
-- Tablo için tablo yapısı `Belediye`
--

CREATE TABLE `Belediye` (
  `Belediye_ID` int(11) NOT NULL,
  `Belediye_Ad` varchar(50) NOT NULL,
  `Belediye_Sehir` varchar(25) NOT NULL,
  `Belediye_Telefon` varchar(12) NOT NULL,
  `Belediye_Keywords` varchar(255) NOT NULL,
  `Belediye_Borc_Faiz` decimal(10,5) NOT NULL,
  `Belediye_Emlak_Vergisi` decimal(10,5) NOT NULL,
  `Belediye_Su_M3_Ucret` decimal(10,2) NOT NULL,
  `Belediye_Logo` varchar(100) NOT NULL,
  `Belediye_Logo_2` varchar(100) NOT NULL,
  `Belediye_Icon` varchar(100) NOT NULL
) ENGINE=InnoDB DEFAULT CHARSET=utf8mb4 COLLATE=utf8mb4_turkish_ci;

--
-- Tablo döküm verisi `Belediye`
--

INSERT INTO `Belediye` (`Belediye_ID`, `Belediye_Ad`, `Belediye_Sehir`, `Belediye_Telefon`, `Belediye_Keywords`, `Belediye_Borc_Faiz`, `Belediye_Emlak_Vergisi`, `Belediye_Su_M3_Ucret`, `Belediye_Logo`, `Belediye_Logo_2`, `Belediye_Icon`) VALUES
(1, 'Güneşliova Belediyesi', 'Aydın', '444 16 78', 'güneşliova belediyesi, aydın belediyeleri, belediye, e belediye, vergi öde, otobüs kartı, borç ödeme', 0.49000, 0.00150, 17.58, 'img/kapaklar/logo-1.png', 'img/icon.png', 'img/icon.png');

-- --------------------------------------------------------

--
-- Tablo için tablo yapısı `Belediye_Departmanlar`
--

CREATE TABLE `Belediye_Departmanlar` (
  `Departman_ID` int(11) NOT NULL,
  `Departman_Ad` varchar(100) NOT NULL,
  `Departman_Durum` enum('True','False') NOT NULL
) ENGINE=InnoDB DEFAULT CHARSET=utf8mb4 COLLATE=utf8mb4_turkish_ci;

--
-- Tablo döküm verisi `Belediye_Departmanlar`
--

INSERT INTO `Belediye_Departmanlar` (`Departman_ID`, `Departman_Ad`, `Departman_Durum`) VALUES
(2, 'Başkanlık', 'True'),
(3, 'Ulaşım Müdürlüğü', 'True'),
(4, 'Alt Yapı Müdürlüğü', 'True'),
(5, 'Park ve Bahçeler Müdürlüğü', 'True'),
(6, 'İmar ve Emlak Müdürlüğü', 'True'),
(7, 'Zabıta ve İtfaiye Müdürlüğü', 'True'),
(8, 'Halkla İlişkiler ve Sosyal Hizmetler Müdürlüğü', 'True'),
(9, 'Belediye İç Yönetim Müdürlüğü', 'True');

-- --------------------------------------------------------

--
-- Tablo için tablo yapısı `Belediye_Personeller`
--

CREATE TABLE `Belediye_Personeller` (
  `Personel_ID` int(11) NOT NULL,
  `Personel_Gorev` varchar(100) NOT NULL,
  `Personel_Departman_ID` int(11) NOT NULL,
  `Personel_Sicil_No` bigint(15) DEFAULT NULL,
  `Personel_Maas` decimal(10,2) DEFAULT NULL,
  `Personel_Durum` enum('True','False') NOT NULL
) ENGINE=InnoDB DEFAULT CHARSET=utf8mb4 COLLATE=utf8mb4_turkish_ci;

--
-- Tablo döküm verisi `Belediye_Personeller`
--

INSERT INTO `Belediye_Personeller` (`Personel_ID`, `Personel_Gorev`, `Personel_Departman_ID`, `Personel_Sicil_No`, `Personel_Maas`, `Personel_Durum`) VALUES
(1, 'Belediye Başkanı', 2, 1716733294, NULL, 'True'),
(2, 'Belediye Başkan Yardımcısı', 2, 87588202159, NULL, 'True'),
(3, 'Belediye Başkan Yardımcısı', 2, 57716622723, NULL, 'True'),
(4, 'Ulaşım Müdürü', 3, 22448503368, NULL, 'True'),
(5, 'Şoför', 3, 36418533219, NULL, 'True'),
(6, 'Şoför', 3, 30129608027, NULL, 'True'),
(7, 'Şoför', 3, 99429649374, NULL, 'True'),
(8, 'Şoför', 3, 77956647572, NULL, 'True'),
(9, 'Memur', 3, 77531599754, NULL, 'True'),
(10, 'Memur', 3, 79683983558, NULL, 'True'),
(11, 'Alt Yapı Müdürü', 4, 14179115504, NULL, 'True'),
(12, 'Memur', 4, 94923681053, NULL, 'True'),
(13, 'Memur', 4, 31058509481, NULL, 'True'),
(14, 'İşçi', 4, 31741513890, NULL, 'True'),
(15, 'İşçi', 4, 10741499113, NULL, 'True'),
(16, 'İşçi', 4, 22299197867, NULL, 'True'),
(17, 'İşçi', 4, 73915497189, NULL, 'True'),
(18, 'İnşaat Mühendisi', 4, 21161576547, NULL, 'True'),
(19, 'Elektrik Mühendisi', 4, 77207843546, NULL, 'True'),
(20, 'Tekniker', 3, 42570581596, NULL, 'True'),
(21, 'Park ve Bahçeler Müdürü', 5, 45265060798, NULL, 'True'),
(22, 'Memur', 5, 26593231946, NULL, 'True'),
(23, 'İşçi', 5, 68394350137, NULL, 'True'),
(24, 'İşçi', 5, 37406625912, NULL, 'True'),
(25, 'İşçi', 5, 85882763141, NULL, 'True'),
(26, 'İmar ve Emlak Müdürü', 6, 30642295517, NULL, 'True'),
(27, 'Memur', 6, 62549180418, NULL, 'True'),
(28, 'Memur', 6, 56592598358, NULL, 'True'),
(29, 'Memur', 6, 75211992287, NULL, 'True'),
(30, 'Mimar', 6, 88441406896, NULL, 'True'),
(31, 'Harita Mühendisi', 6, 24588903816, NULL, 'True'),
(32, 'Zabıta ve İtfaiye Müdürü', 7, 49194462978, NULL, 'True'),
(33, 'Zabıta', 7, 51656779052, NULL, 'True'),
(34, 'Zabıta', 7, 12345678901234, NULL, 'True'),
(35, 'İtfaiyeci', 7, 23456789012345, NULL, 'True'),
(36, 'İtfaiyeci', 7, 34567890123456, NULL, 'True'),
(37, 'Halkla İlişkiler ve Sosyal Hizmetler Müdürü', 8, 18624517785, NULL, 'True'),
(38, 'Memur', 8, 44078441387, NULL, 'True'),
(39, 'İletişim Sorumlusu', 8, 73413474581, NULL, 'True'),
(40, 'Sosyal Medya Sorumlusu', 8, 22960192908, NULL, 'True'),
(41, 'Doktor', 8, 54651762810, NULL, 'True'),
(42, 'Veteriner', 8, 82215960120, NULL, 'True'),
(43, 'Müdür', 9, 81679357636, NULL, 'True'),
(44, 'Muhasebeci', 9, 14517831480, NULL, 'True'),
(45, 'Muhasebeci', 9, 56084006099, NULL, 'True'),
(46, 'Çaycı', 9, 64739181785, NULL, 'True'),
(47, 'Çaycı', 9, 84866522005, NULL, 'True'),
(48, 'Temizlik Personeli', 9, 21363996073, NULL, 'True'),
(49, 'Temizlik Personeli', 9, 89518367209, NULL, 'True'),
(50, 'Güvenlik Görevlisi', 9, 11537412788, NULL, 'True'),
(51, 'Güvenlik Görevlisi', 9, 55997252227, NULL, 'True');

-- --------------------------------------------------------

--
-- Tablo için tablo yapısı `Borclar`
--

CREATE TABLE `Borclar` (
  `Borc_ID` int(11) NOT NULL,
  `Borc_Tip_ID` int(11) NOT NULL,
  `Borclu_Bilgisi` varchar(100) NOT NULL,
  `Borc_Tutari` decimal(10,2) DEFAULT NULL,
  `Borc_Ceza` decimal(10,2) DEFAULT NULL,
  `Borc_Tuketim` float DEFAULT NULL,
  `Borc_Tarihi` date DEFAULT NULL,
  `Borc_Son_Odeme_Tarihi` date DEFAULT NULL,
  `Borc_Durum` enum('Odendi','Odenmedi') NOT NULL
) ENGINE=InnoDB DEFAULT CHARSET=utf8mb4 COLLATE=utf8mb4_turkish_ci;

--
-- Tablo döküm verisi `Borclar`
--

INSERT INTO `Borclar` (`Borc_ID`, `Borc_Tip_ID`, `Borclu_Bilgisi`, `Borc_Tutari`, `Borc_Ceza`, `Borc_Tuketim`, `Borc_Tarihi`, `Borc_Son_Odeme_Tarihi`, `Borc_Durum`) VALUES
(1, 2, '1716127724', 1852.92, NULL, NULL, '2024-05-26', '2024-06-30', 'Odenmedi'),
(2, 2, '1716733294', 2545.29, NULL, NULL, '2024-05-26', '2024-06-30', 'Odenmedi'),
(3, 2, '87588202159', 1495.11, NULL, NULL, '2024-05-26', '2024-06-30', 'Odenmedi'),
(4, 2, '57716622723', 3091.13, NULL, NULL, '2024-05-26', '2024-06-30', 'Odenmedi'),
(5, 2, '22448503368', 26793.00, NULL, NULL, '2024-05-26', '2024-06-30', 'Odenmedi'),
(6, 2, '77531599754', 961.10, NULL, NULL, '2024-05-26', '2024-06-30', 'Odenmedi'),
(7, 2, '36418533219', 29628.00, NULL, NULL, '2024-05-26', '2024-06-30', 'Odenmedi'),
(8, 2, '30129608027', 1910.93, NULL, NULL, '2024-05-26', '2024-06-30', 'Odenmedi'),
(9, 2, '99429649374', 1356.03, NULL, NULL, '2024-05-26', '2024-06-30', 'Odenmedi'),
(10, 2, '77956647572', 955.46, NULL, NULL, '2024-05-26', '2024-06-30', 'Odenmedi'),
(11, 2, '61931416552', 1698.51, NULL, NULL, '2024-05-26', '2024-06-30', 'Odenmedi'),
(12, 2, '79683983558', 2828.10, NULL, NULL, '2024-05-26', '2024-06-30', 'Odenmedi'),
(13, 2, '42570581596', 39345.00, NULL, NULL, '2024-05-26', '2024-06-30', 'Odenmedi'),
(14, 2, '14179115504', 1236.45, NULL, NULL, '2024-05-26', '2024-06-30', 'Odenmedi'),
(15, 2, '94923681053', 46887.75, NULL, NULL, '2024-05-26', '2024-06-30', 'Odenmedi'),
(16, 2, '31058509481', 1017.63, NULL, NULL, '2024-05-26', '2024-06-30', 'Odenmedi'),
(17, 2, '31741513890', 1382.64, NULL, NULL, '2024-05-26', '2024-06-30', 'Odenmedi'),
(18, 2, '10741499113', 955.46, NULL, NULL, '2024-05-26', '2024-06-30', 'Odenmedi'),
(19, 2, '22299197867', 1043.10, NULL, NULL, '2024-05-26', '2024-06-30', 'Odenmedi'),
(20, 2, '73915497189', 2675.30, NULL, NULL, '2024-05-26', '2024-06-30', 'Odenmedi'),
(21, 2, '21161576547', 33970.20, NULL, NULL, '2024-05-26', '2024-06-30', 'Odenmedi'),
(22, 2, '77207843546', 1626.16, NULL, NULL, '2024-05-26', '2024-06-30', 'Odenmedi'),
(23, 2, '45265060798', 62952.00, NULL, NULL, '2024-05-26', '2024-06-30', 'Odenmedi'),
(24, 2, '26593231946', 989.16, NULL, NULL, '2024-05-26', '2024-06-30', 'Odenmedi'),
(25, 2, '68394350137', 1741.54, NULL, NULL, '2024-05-26', '2024-06-30', 'Odenmedi'),
(26, 2, '37406625912', 848.03, NULL, NULL, '2024-05-26', '2024-06-30', 'Odenmedi'),
(27, 2, '85882763141', 1086.36, NULL, NULL, '2024-05-26', '2024-06-30', 'Odenmedi'),
(28, 2, '30642295517', 2866.39, NULL, NULL, '2024-05-26', '2024-06-30', 'Odenmedi'),
(29, 2, '62549180418', 23991.30, NULL, NULL, '2024-05-26', '2024-06-30', 'Odenmedi'),
(30, 2, '56592598358', 1273.95, NULL, NULL, '2024-05-26', '2024-06-30', 'Odenmedi'),
(31, 2, '75211992287', 69484.50, NULL, NULL, '2024-05-26', '2024-06-30', 'Odenmedi'),
(32, 2, '88441406896', 1201.94, NULL, NULL, '2024-05-26', '2024-06-30', 'Odenmedi'),
(33, 2, '24588903816', 2203.32, NULL, NULL, '2024-05-26', '2024-06-30', 'Odenmedi'),
(34, 2, '49194462978', 927.34, NULL, NULL, '2024-05-26', '2024-06-30', 'Odenmedi'),
(35, 2, '51656779052', 1272.67, NULL, NULL, '2024-05-26', '2024-06-30', 'Odenmedi'),
(36, 2, '34291967604', 2600.61, NULL, NULL, '2024-05-26', '2024-06-30', 'Odenmedi'),
(37, 2, '18624517785', 29628.00, NULL, NULL, '2024-05-26', '2024-06-30', 'Odenmedi'),
(38, 2, '44078441387', 1528.74, NULL, NULL, '2024-05-26', '2024-06-30', 'Odenmedi'),
(39, 2, '73413474581', 52155.00, NULL, NULL, '2024-05-26', '2024-06-30', 'Odenmedi'),
(40, 2, '22960192908', 955.46, NULL, NULL, '2024-05-26', '2024-06-30', 'Odenmedi'),
(41, 2, '54651762810', 2316.15, NULL, NULL, '2024-05-26', '2024-06-30', 'Odenmedi'),
(42, 2, '82215960120', 1201.94, NULL, NULL, '2024-05-26', '2024-06-30', 'Odenmedi'),
(43, 2, '81679357636', 2203.32, NULL, NULL, '2024-05-26', '2024-06-30', 'Odenmedi'),
(44, 2, '14517831480', 927.34, NULL, NULL, '2024-05-26', '2024-06-30', 'Odenmedi'),
(45, 2, '56084006099', 1473.62, NULL, NULL, '2024-05-26', '2024-06-30', 'Odenmedi'),
(46, 2, '64739181785', 2431.01, NULL, NULL, '2024-05-26', '2024-06-30', 'Odenmedi'),
(47, 2, '84866522005', 59256.00, NULL, NULL, '2024-05-26', '2024-06-30', 'Odenmedi'),
(48, 2, '21363996073', 955.46, NULL, NULL, '2024-05-26', '2024-06-30', 'Odenmedi'),
(49, 2, '89518367209', 1303.88, NULL, NULL, '2024-05-26', '2024-06-30', 'Odenmedi'),
(50, 2, '11537412788', 955.46, NULL, NULL, '2024-05-26', '2024-06-30', 'Odenmedi'),
(51, 2, '55997252227', 1312.49, NULL, NULL, '2024-05-26', '2024-06-30', 'Odenmedi'),
(52, 2, '605425273166', 3535.13, NULL, NULL, '2024-05-26', '2024-06-30', 'Odenmedi'),
(53, 2, '890854058685', 42492.60, NULL, NULL, '2024-05-26', '2024-06-30', 'Odenmedi'),
(54, 2, '677399905470', 1174.63, NULL, NULL, '2024-05-26', '2024-06-30', 'Odenmedi'),
(55, 2, '352911924713', 53586.00, NULL, NULL, '2024-05-26', '2024-06-30', 'Odenmedi'),
(56, 2, '608727669258', 848.03, NULL, NULL, '2024-05-26', '2024-06-30', 'Odenmedi'),
(57, 2, '289618642432', 1283.88, NULL, NULL, '2024-05-26', '2024-06-30', 'Odenmedi'),
(58, 2, '924205431830', 955.46, NULL, NULL, '2024-05-26', '2024-06-30', 'Odenmedi'),
(59, 2, '553335671828', 1199.56, NULL, NULL, '2024-05-26', '2024-06-30', 'Odenmedi'),
(60, 2, '395529127209', 2866.39, NULL, NULL, '2024-05-26', '2024-06-30', 'Odenmedi'),
(61, 2, '735032619475', 37058.40, NULL, NULL, '2024-05-26', '2024-06-30', 'Odenmedi'),
(62, 2, '20098765432', 1414.05, NULL, NULL, '2024-05-26', '2024-06-30', 'Odenmedi'),
(63, 2, '20123456789', 47214.00, NULL, NULL, '2024-05-26', '2024-06-30', 'Odenmedi'),
(64, 2, '20134567890', 1174.63, NULL, NULL, '2024-05-26', '2024-06-30', 'Odenmedi'),
(65, 2, '20145678901', 1875.51, NULL, NULL, '2024-05-26', '2024-06-30', 'Odenmedi'),
(66, 2, '20156789012', 848.03, NULL, NULL, '2024-05-26', '2024-06-30', 'Odenmedi'),
(67, 2, '20167890123', 1086.36, NULL, NULL, '2024-05-26', '2024-06-30', 'Odenmedi'),
(68, 2, '20178901234', 2547.90, NULL, NULL, '2024-05-26', '2024-06-30', 'Odenmedi'),
(69, 2, '20189012345', 22948.20, NULL, NULL, '2024-05-26', '2024-06-30', 'Odenmedi'),
(70, 2, '20201234567', 1465.04, NULL, NULL, '2024-05-26', '2024-06-30', 'Odenmedi'),
(71, 2, '20212345678', 61764.00, NULL, NULL, '2024-05-26', '2024-06-30', 'Odenmedi'),
(72, 2, '20223456789', 1060.54, NULL, NULL, '2024-05-26', '2024-06-30', 'Odenmedi'),
(73, 2, '20234567890', 2045.94, NULL, NULL, '2024-05-26', '2024-06-30', 'Odenmedi'),
(74, 2, '20245678901', 927.34, NULL, NULL, '2024-05-26', '2024-06-30', 'Odenmedi'),
(75, 2, '20256789012', 1272.67, NULL, NULL, '2024-05-26', '2024-06-30', 'Odenmedi'),
(76, 2, '20267890123', 2600.61, NULL, NULL, '2024-05-26', '2024-06-30', 'Odenmedi'),
(77, 2, '20278901234', 29628.00, NULL, NULL, '2024-05-26', '2024-06-30', 'Odenmedi'),
(78, 2, '20289012345', 1528.74, NULL, NULL, '2024-05-26', '2024-06-30', 'Odenmedi'),
(79, 2, '20301234567', 52155.00, NULL, NULL, '2024-05-26', '2024-06-30', 'Odenmedi'),
(80, 2, '20312345678', 955.46, NULL, NULL, '2024-05-26', '2024-06-30', 'Odenmedi'),
(81, 2, '20323456789', 2316.15, NULL, NULL, '2024-05-26', '2024-06-30', 'Odenmedi'),
(82, 2, '20334567890', 1201.94, NULL, NULL, '2024-05-26', '2024-06-30', 'Odenmedi'),
(83, 2, '20345678901', 2203.32, NULL, NULL, '2024-05-26', '2024-06-30', 'Odenmedi'),
(84, 2, '20356789012', 927.34, NULL, NULL, '2024-05-26', '2024-06-30', 'Odenmedi'),
(85, 2, '20367890123', 1473.62, NULL, NULL, '2024-05-26', '2024-06-30', 'Odenmedi'),
(86, 2, '20378901234', 2431.01, NULL, NULL, '2024-05-26', '2024-06-30', 'Odenmedi'),
(87, 2, '20389012345', 59256.00, NULL, NULL, '2024-05-26', '2024-06-30', 'Odenmedi'),
(88, 2, '20401234567', 955.46, NULL, NULL, '2024-05-26', '2024-06-30', 'Odenmedi'),
(89, 2, '20412345678', 1303.88, NULL, NULL, '2024-05-26', '2024-06-30', 'Odenmedi'),
(90, 2, '20423456789', 955.46, NULL, NULL, '2024-05-26', '2024-06-30', 'Odenmedi'),
(91, 2, '20434567890', 1312.49, NULL, NULL, '2024-05-26', '2024-06-30', 'Odenmedi'),
(92, 2, '20445678901', 3535.13, NULL, NULL, '2024-05-26', '2024-06-30', 'Odenmedi'),
(93, 2, '20456789012', 42492.60, NULL, NULL, '2024-05-26', '2024-06-30', 'Odenmedi'),
(94, 2, '20467890123', 1174.63, NULL, NULL, '2024-05-26', '2024-06-30', 'Odenmedi'),
(95, 2, '20478901234', 53586.00, NULL, NULL, '2024-05-26', '2024-06-30', 'Odenmedi'),
(96, 2, '20489012345', 848.03, NULL, NULL, '2024-05-26', '2024-06-30', 'Odenmedi'),
(97, 2, '20501234567', 1283.88, NULL, NULL, '2024-05-26', '2024-06-30', 'Odenmedi'),
(98, 2, '20512345678', 955.46, NULL, NULL, '2024-05-26', '2024-06-30', 'Odenmedi'),
(99, 2, '20523456789', 1199.56, NULL, NULL, '2024-05-26', '2024-06-30', 'Odenmedi'),
(100, 2, '20534567890', 2866.39, NULL, NULL, '2024-05-26', '2024-06-30', 'Odenmedi'),
(101, 2, '1716127724', 1544.10, NULL, NULL, '2024-05-26', '2024-06-30', 'Odenmedi'),
(102, 2, '1716127724', 2545.29, NULL, NULL, '2024-05-26', '2024-06-30', 'Odenmedi'),
(103, 2, '1716733294', 1495.11, NULL, NULL, '2024-05-26', '2024-06-30', 'Odenmedi'),
(104, 2, '1716733294', 2472.90, 411.99, NULL, '2024-05-26', '2024-06-30', 'Odendi'),
(105, 2, '87588202159', 1473.62, NULL, NULL, '2024-05-26', '2024-06-30', 'Odenmedi'),
(106, 2, '87588202159', 2148.33, NULL, NULL, '2024-05-26', '2024-06-30', 'Odenmedi'),
(107, 2, '57716622723', 740.70, NULL, NULL, '2024-05-26', '2024-06-30', 'Odenmedi'),
(108, 2, '57716622723', 1910.93, NULL, NULL, '2024-05-26', '2024-06-30', 'Odenmedi'),
(109, 2, '22448503368', 1043.10, NULL, NULL, '2024-05-26', '2024-06-30', 'Odenmedi'),
(110, 2, '22448503368', 2038.32, NULL, NULL, '2024-05-26', '2024-06-30', 'Odenmedi'),
(111, 2, '77531599754', 1621.31, NULL, NULL, '2024-05-26', '2024-06-30', 'Odenmedi'),
(112, 2, '77531599754', 2403.88, NULL, NULL, '2024-05-26', '2024-06-30', 'Odenmedi'),
(113, 2, '36418533219', 1337.73, NULL, NULL, '2024-05-26', '2024-06-30', 'Odenmedi'),
(114, 2, '36418533219', 1607.39, NULL, NULL, '2024-05-26', '2024-06-30', 'Odenmedi'),
(115, 2, '30129608027', 1272.67, NULL, NULL, '2024-05-26', '2024-06-30', 'Odenmedi'),
(116, 2, '30129608027', 2035.26, NULL, NULL, '2024-05-26', '2024-06-30', 'Odenmedi'),
(117, 2, '99429649374', 1036.98, NULL, NULL, '2024-05-26', '2024-06-30', 'Odenmedi'),
(118, 2, '99429649374', 2229.41, NULL, NULL, '2024-05-26', '2024-06-30', 'Odenmedi'),
(119, 2, '77956647572', 1251.72, NULL, NULL, '2024-05-26', '2024-06-30', 'Odenmedi'),
(120, 2, '77956647572', 1910.93, NULL, NULL, '2024-05-26', '2024-06-30', 'Odenmedi'),
(121, 2, '61931416552', 2007.33, NULL, NULL, '2024-05-26', '2024-06-30', 'Odenmedi'),
(122, 2, '61931416552', 2686.69, NULL, NULL, '2024-05-26', '2024-06-30', 'Odenmedi'),
(123, 2, '79683983558', 1337.73, NULL, NULL, '2024-05-26', '2024-06-30', 'Odenmedi'),
(124, 2, '79683983558', 1731.03, NULL, NULL, '2024-05-26', '2024-06-30', 'Odenmedi'),
(125, 2, '42570581596', 1004.74, NULL, NULL, '2024-05-26', '2024-06-30', 'Odenmedi'),
(126, 2, '42570581596', 1243.77, NULL, NULL, '2024-05-26', '2024-06-30', 'Odenmedi'),
(127, 2, '14179115504', 888.84, NULL, NULL, '2024-05-26', '2024-06-30', 'Odenmedi'),
(128, 2, '14179115504', 1592.44, NULL, NULL, '2024-05-26', '2024-06-30', 'Odenmedi'),
(129, 2, '94923681053', 1199.56, NULL, NULL, '2024-05-26', '2024-06-30', 'Odenmedi'),
(130, 2, '94923681053', 2038.32, NULL, NULL, '2024-05-26', '2024-06-30', 'Odenmedi'),
(131, 2, '31058509481', 1544.10, NULL, NULL, '2024-05-26', '2024-06-30', 'Odenmedi'),
(132, 2, '31058509481', 2545.29, NULL, NULL, '2024-05-26', '2024-06-30', 'Odenmedi'),
(133, 2, '31741513890', 1495.11, NULL, NULL, '2024-05-26', '2024-06-30', 'Odenmedi'),
(134, 2, '31741513890', 2472.90, NULL, NULL, '2024-05-26', '2024-06-30', 'Odenmedi'),
(135, 2, '10741499113', 1473.62, NULL, NULL, '2024-05-26', '2024-06-30', 'Odenmedi'),
(136, 2, '10741499113', 2148.33, NULL, NULL, '2024-05-26', '2024-06-30', 'Odenmedi'),
(137, 2, '22299197867', 740.70, NULL, NULL, '2024-05-26', '2024-06-30', 'Odenmedi'),
(138, 2, '22299197867', 1910.93, NULL, NULL, '2024-05-26', '2024-06-30', 'Odenmedi'),
(139, 2, '73915497189', 1043.10, NULL, NULL, '2024-05-26', '2024-06-30', 'Odenmedi'),
(140, 2, '73915497189', 2038.32, NULL, NULL, '2024-05-26', '2024-06-30', 'Odenmedi'),
(141, 2, '21161576547', 1621.31, NULL, NULL, '2024-05-26', '2024-06-30', 'Odenmedi'),
(142, 2, '21161576547', 2403.88, NULL, NULL, '2024-05-26', '2024-06-30', 'Odenmedi'),
(143, 2, '77207843546', 1337.73, NULL, NULL, '2024-05-26', '2024-06-30', 'Odenmedi'),
(144, 2, '77207843546', 1607.39, NULL, NULL, '2024-05-26', '2024-06-30', 'Odenmedi'),
(145, 2, '45265060798', 1272.67, NULL, NULL, '2024-05-26', '2024-06-30', 'Odenmedi'),
(146, 2, '45265060798', 2035.26, NULL, NULL, '2024-05-26', '2024-06-30', 'Odenmedi'),
(147, 2, '26593231946', 1036.98, NULL, NULL, '2024-05-26', '2024-06-30', 'Odenmedi'),
(148, 2, '26593231946', 2229.41, NULL, NULL, '2024-05-26', '2024-06-30', 'Odenmedi'),
(149, 2, '68394350137', 1251.72, NULL, NULL, '2024-05-26', '2024-06-30', 'Odenmedi'),
(150, 2, '68394350137', 1910.93, NULL, NULL, '2024-05-26', '2024-06-30', 'Odenmedi'),
(256, 2, '1716127724', 1852.92, NULL, NULL, '2024-05-26', '2024-12-31', 'Odenmedi'),
(257, 2, '1716733294', 2545.29, NULL, NULL, '2024-05-26', '2024-12-31', 'Odenmedi'),
(258, 2, '87588202159', 1495.11, NULL, NULL, '2024-05-26', '2024-12-31', 'Odenmedi'),
(259, 2, '57716622723', 3091.13, NULL, NULL, '2024-05-26', '2024-12-31', 'Odenmedi'),
(260, 2, '22448503368', 26793.00, NULL, NULL, '2024-05-26', '2024-12-31', 'Odenmedi'),
(261, 2, '77531599754', 961.10, NULL, NULL, '2024-05-26', '2024-12-31', 'Odenmedi'),
(262, 2, '36418533219', 29628.00, NULL, NULL, '2024-05-26', '2024-12-31', 'Odenmedi'),
(263, 2, '30129608027', 1910.93, NULL, NULL, '2024-05-26', '2024-12-31', 'Odenmedi'),
(264, 2, '99429649374', 1356.03, NULL, NULL, '2024-05-26', '2024-12-31', 'Odenmedi'),
(265, 2, '77956647572', 955.46, NULL, NULL, '2024-05-26', '2024-12-31', 'Odenmedi'),
(266, 2, '61931416552', 1698.51, NULL, NULL, '2024-05-26', '2024-12-31', 'Odenmedi'),
(267, 2, '79683983558', 2828.10, NULL, NULL, '2024-05-26', '2024-12-31', 'Odenmedi'),
(268, 2, '42570581596', 39345.00, NULL, NULL, '2024-05-26', '2024-12-31', 'Odenmedi'),
(269, 2, '14179115504', 1236.45, NULL, NULL, '2024-05-26', '2024-12-31', 'Odenmedi'),
(270, 2, '94923681053', 46887.75, NULL, NULL, '2024-05-26', '2024-12-31', 'Odenmedi'),
(271, 2, '31058509481', 1017.63, NULL, NULL, '2024-05-26', '2024-12-31', 'Odenmedi'),
(272, 2, '31741513890', 1382.64, NULL, NULL, '2024-05-26', '2024-12-31', 'Odenmedi'),
(273, 2, '10741499113', 955.46, NULL, NULL, '2024-05-26', '2024-12-31', 'Odenmedi'),
(274, 2, '22299197867', 1043.10, NULL, NULL, '2024-05-26', '2024-12-31', 'Odenmedi'),
(275, 2, '73915497189', 2675.30, NULL, NULL, '2024-05-26', '2024-12-31', 'Odenmedi'),
(276, 2, '21161576547', 33970.20, NULL, NULL, '2024-05-26', '2024-12-31', 'Odenmedi'),
(277, 2, '77207843546', 1626.16, NULL, NULL, '2024-05-26', '2024-12-31', 'Odenmedi'),
(278, 2, '45265060798', 62952.00, NULL, NULL, '2024-05-26', '2024-12-31', 'Odenmedi'),
(279, 2, '26593231946', 989.16, NULL, NULL, '2024-05-26', '2024-12-31', 'Odenmedi'),
(280, 2, '68394350137', 1741.54, NULL, NULL, '2024-05-26', '2024-12-31', 'Odenmedi'),
(281, 2, '37406625912', 848.03, NULL, NULL, '2024-05-26', '2024-12-31', 'Odenmedi'),
(282, 2, '85882763141', 1086.36, NULL, NULL, '2024-05-26', '2024-12-31', 'Odenmedi'),
(283, 2, '30642295517', 2866.39, NULL, NULL, '2024-05-26', '2024-12-31', 'Odenmedi'),
(284, 2, '62549180418', 23991.30, NULL, NULL, '2024-05-26', '2024-12-31', 'Odenmedi'),
(285, 2, '56592598358', 1273.95, NULL, NULL, '2024-05-26', '2024-12-31', 'Odenmedi'),
(286, 2, '75211992287', 69484.50, NULL, NULL, '2024-05-26', '2024-12-31', 'Odenmedi'),
(287, 2, '88441406896', 1201.94, NULL, NULL, '2024-05-26', '2024-12-31', 'Odenmedi'),
(288, 2, '24588903816', 2203.32, NULL, NULL, '2024-05-26', '2024-12-31', 'Odenmedi'),
(289, 2, '49194462978', 927.34, NULL, NULL, '2024-05-26', '2024-12-31', 'Odenmedi'),
(290, 2, '51656779052', 1272.67, NULL, NULL, '2024-05-26', '2024-12-31', 'Odenmedi'),
(291, 2, '34291967604', 2600.61, NULL, NULL, '2024-05-26', '2024-12-31', 'Odenmedi'),
(292, 2, '18624517785', 29628.00, NULL, NULL, '2024-05-26', '2024-12-31', 'Odenmedi'),
(293, 2, '44078441387', 1528.74, NULL, NULL, '2024-05-26', '2024-12-31', 'Odenmedi'),
(294, 2, '73413474581', 52155.00, NULL, NULL, '2024-05-26', '2024-12-31', 'Odenmedi'),
(295, 2, '22960192908', 955.46, NULL, NULL, '2024-05-26', '2024-12-31', 'Odenmedi'),
(296, 2, '54651762810', 2316.15, NULL, NULL, '2024-05-26', '2024-12-31', 'Odenmedi'),
(297, 2, '82215960120', 1201.94, NULL, NULL, '2024-05-26', '2024-12-31', 'Odenmedi'),
(298, 2, '81679357636', 2203.32, NULL, NULL, '2024-05-26', '2024-12-31', 'Odenmedi'),
(299, 2, '14517831480', 927.34, NULL, NULL, '2024-05-26', '2024-12-31', 'Odenmedi'),
(300, 2, '56084006099', 1473.62, NULL, NULL, '2024-05-26', '2024-12-31', 'Odenmedi'),
(301, 2, '64739181785', 2431.01, NULL, NULL, '2024-05-26', '2024-12-31', 'Odenmedi'),
(302, 2, '84866522005', 59256.00, NULL, NULL, '2024-05-26', '2024-12-31', 'Odenmedi'),
(303, 2, '21363996073', 955.46, NULL, NULL, '2024-05-26', '2024-12-31', 'Odenmedi'),
(304, 2, '89518367209', 1303.88, NULL, NULL, '2024-05-26', '2024-12-31', 'Odenmedi'),
(305, 2, '11537412788', 955.46, NULL, NULL, '2024-05-26', '2024-12-31', 'Odenmedi'),
(306, 2, '55997252227', 1312.49, NULL, NULL, '2024-05-26', '2024-12-31', 'Odenmedi'),
(307, 2, '605425273166', 3535.13, NULL, NULL, '2024-05-26', '2024-12-31', 'Odenmedi'),
(308, 2, '890854058685', 42492.60, NULL, NULL, '2024-05-26', '2024-12-31', 'Odenmedi'),
(309, 2, '677399905470', 1174.63, NULL, NULL, '2024-05-26', '2024-12-31', 'Odenmedi'),
(310, 2, '352911924713', 53586.00, NULL, NULL, '2024-05-26', '2024-12-31', 'Odenmedi'),
(311, 2, '608727669258', 848.03, NULL, NULL, '2024-05-26', '2024-12-31', 'Odenmedi'),
(312, 2, '289618642432', 1283.88, NULL, NULL, '2024-05-26', '2024-12-31', 'Odenmedi'),
(313, 2, '924205431830', 955.46, NULL, NULL, '2024-05-26', '2024-12-31', 'Odenmedi'),
(314, 2, '553335671828', 1199.56, NULL, NULL, '2024-05-26', '2024-12-31', 'Odenmedi'),
(315, 2, '395529127209', 2866.39, NULL, NULL, '2024-05-26', '2024-12-31', 'Odenmedi'),
(316, 2, '735032619475', 37058.40, NULL, NULL, '2024-05-26', '2024-12-31', 'Odenmedi'),
(317, 2, '20098765432', 1414.05, NULL, NULL, '2024-05-26', '2024-12-31', 'Odenmedi'),
(318, 2, '20123456789', 47214.00, NULL, NULL, '2024-05-26', '2024-12-31', 'Odenmedi'),
(319, 2, '20134567890', 1174.63, NULL, NULL, '2024-05-26', '2024-12-31', 'Odenmedi'),
(320, 2, '20145678901', 1875.51, NULL, NULL, '2024-05-26', '2024-12-31', 'Odenmedi'),
(321, 2, '20156789012', 848.03, NULL, NULL, '2024-05-26', '2024-12-31', 'Odenmedi'),
(322, 2, '20167890123', 1086.36, NULL, NULL, '2024-05-26', '2024-12-31', 'Odenmedi'),
(323, 2, '20178901234', 2547.90, NULL, NULL, '2024-05-26', '2024-12-31', 'Odenmedi'),
(324, 2, '20189012345', 22948.20, NULL, NULL, '2024-05-26', '2024-12-31', 'Odenmedi'),
(325, 2, '20201234567', 1465.04, NULL, NULL, '2024-05-26', '2024-12-31', 'Odenmedi'),
(326, 2, '20212345678', 61764.00, NULL, NULL, '2024-05-26', '2024-12-31', 'Odenmedi'),
(327, 2, '20223456789', 1060.54, NULL, NULL, '2024-05-26', '2024-12-31', 'Odenmedi'),
(328, 2, '20234567890', 2045.94, NULL, NULL, '2024-05-26', '2024-12-31', 'Odenmedi'),
(329, 2, '20245678901', 927.34, NULL, NULL, '2024-05-26', '2024-12-31', 'Odenmedi'),
(330, 2, '20256789012', 1272.67, NULL, NULL, '2024-05-26', '2024-12-31', 'Odenmedi'),
(331, 2, '20267890123', 2600.61, NULL, NULL, '2024-05-26', '2024-12-31', 'Odenmedi'),
(332, 2, '20278901234', 29628.00, NULL, NULL, '2024-05-26', '2024-12-31', 'Odenmedi'),
(333, 2, '20289012345', 1528.74, NULL, NULL, '2024-05-26', '2024-12-31', 'Odenmedi'),
(334, 2, '20301234567', 52155.00, NULL, NULL, '2024-05-26', '2024-12-31', 'Odenmedi'),
(335, 2, '20312345678', 955.46, NULL, NULL, '2024-05-26', '2024-12-31', 'Odenmedi'),
(336, 2, '20323456789', 2316.15, NULL, NULL, '2024-05-26', '2024-12-31', 'Odenmedi'),
(337, 2, '20334567890', 1201.94, NULL, NULL, '2024-05-26', '2024-12-31', 'Odenmedi'),
(338, 2, '20345678901', 2203.32, NULL, NULL, '2024-05-26', '2024-12-31', 'Odenmedi'),
(339, 2, '20356789012', 927.34, NULL, NULL, '2024-05-26', '2024-12-31', 'Odenmedi'),
(340, 2, '20367890123', 1473.62, NULL, NULL, '2024-05-26', '2024-12-31', 'Odenmedi'),
(341, 2, '20378901234', 2431.01, NULL, NULL, '2024-05-26', '2024-12-31', 'Odenmedi'),
(342, 2, '20389012345', 59256.00, NULL, NULL, '2024-05-26', '2024-12-31', 'Odenmedi'),
(343, 2, '20401234567', 955.46, NULL, NULL, '2024-05-26', '2024-12-31', 'Odenmedi'),
(344, 2, '20412345678', 1303.88, NULL, NULL, '2024-05-26', '2024-12-31', 'Odenmedi'),
(345, 2, '20423456789', 955.46, NULL, NULL, '2024-05-26', '2024-12-31', 'Odenmedi'),
(346, 2, '20434567890', 1312.49, NULL, NULL, '2024-05-26', '2024-12-31', 'Odenmedi'),
(347, 2, '20445678901', 3535.13, NULL, NULL, '2024-05-26', '2024-12-31', 'Odenmedi'),
(348, 2, '20456789012', 42492.60, NULL, NULL, '2024-05-26', '2024-12-31', 'Odenmedi'),
(349, 2, '20467890123', 1174.63, NULL, NULL, '2024-05-26', '2024-12-31', 'Odenmedi'),
(350, 2, '20478901234', 53586.00, NULL, NULL, '2024-05-26', '2024-12-31', 'Odenmedi'),
(351, 2, '20489012345', 848.03, NULL, NULL, '2024-05-26', '2024-12-31', 'Odenmedi'),
(352, 2, '20501234567', 1283.88, NULL, NULL, '2024-05-26', '2024-12-31', 'Odenmedi'),
(353, 2, '20512345678', 955.46, NULL, NULL, '2024-05-26', '2024-12-31', 'Odenmedi'),
(354, 2, '20523456789', 1199.56, NULL, NULL, '2024-05-26', '2024-12-31', 'Odenmedi'),
(355, 2, '20534567890', 2866.39, NULL, NULL, '2024-05-26', '2024-12-31', 'Odenmedi'),
(356, 2, '1716127724', 1544.10, NULL, NULL, '2024-05-26', '2024-12-31', 'Odenmedi'),
(357, 2, '1716127724', 2545.29, NULL, NULL, '2024-05-26', '2024-12-31', 'Odenmedi'),
(358, 2, '1716733294', 1495.11, NULL, NULL, '2024-05-26', '2024-12-31', 'Odenmedi'),
(359, 2, '1716733294', 2472.90, 0.00, NULL, '2024-05-26', '2024-12-31', 'Odendi'),
(360, 2, '87588202159', 1473.62, NULL, NULL, '2024-05-26', '2024-12-31', 'Odenmedi'),
(361, 2, '87588202159', 2148.33, NULL, NULL, '2024-05-26', '2024-12-31', 'Odenmedi'),
(362, 2, '57716622723', 740.70, NULL, NULL, '2024-05-26', '2024-12-31', 'Odenmedi'),
(363, 2, '57716622723', 1910.93, NULL, NULL, '2024-05-26', '2024-12-31', 'Odenmedi'),
(364, 2, '22448503368', 1043.10, NULL, NULL, '2024-05-26', '2024-12-31', 'Odenmedi'),
(365, 2, '22448503368', 2038.32, NULL, NULL, '2024-05-26', '2024-12-31', 'Odenmedi'),
(366, 2, '77531599754', 1621.31, NULL, NULL, '2024-05-26', '2024-12-31', 'Odenmedi'),
(367, 2, '77531599754', 2403.88, NULL, NULL, '2024-05-26', '2024-12-31', 'Odenmedi'),
(368, 2, '36418533219', 1337.73, NULL, NULL, '2024-05-26', '2024-12-31', 'Odenmedi'),
(369, 2, '36418533219', 1607.39, NULL, NULL, '2024-05-26', '2024-12-31', 'Odenmedi'),
(370, 2, '30129608027', 1272.67, NULL, NULL, '2024-05-26', '2024-12-31', 'Odenmedi'),
(371, 2, '30129608027', 2035.26, NULL, NULL, '2024-05-26', '2024-12-31', 'Odenmedi'),
(372, 2, '99429649374', 1036.98, NULL, NULL, '2024-05-26', '2024-12-31', 'Odenmedi'),
(373, 2, '99429649374', 2229.41, NULL, NULL, '2024-05-26', '2024-12-31', 'Odenmedi'),
(374, 2, '77956647572', 1251.72, NULL, NULL, '2024-05-26', '2024-12-31', 'Odenmedi'),
(375, 2, '77956647572', 1910.93, NULL, NULL, '2024-05-26', '2024-12-31', 'Odenmedi'),
(376, 2, '61931416552', 2007.33, NULL, NULL, '2024-05-26', '2024-12-31', 'Odenmedi'),
(377, 2, '61931416552', 2686.69, NULL, NULL, '2024-05-26', '2024-12-31', 'Odenmedi'),
(378, 2, '79683983558', 1337.73, NULL, NULL, '2024-05-26', '2024-12-31', 'Odenmedi'),
(379, 2, '79683983558', 1731.03, NULL, NULL, '2024-05-26', '2024-12-31', 'Odenmedi'),
(380, 2, '42570581596', 1004.74, NULL, NULL, '2024-05-26', '2024-12-31', 'Odenmedi'),
(381, 2, '42570581596', 1243.77, NULL, NULL, '2024-05-26', '2024-12-31', 'Odenmedi'),
(382, 2, '14179115504', 888.84, NULL, NULL, '2024-05-26', '2024-12-31', 'Odenmedi'),
(383, 2, '14179115504', 1592.44, NULL, NULL, '2024-05-26', '2024-12-31', 'Odenmedi'),
(384, 2, '94923681053', 1199.56, NULL, NULL, '2024-05-26', '2024-12-31', 'Odenmedi'),
(385, 2, '94923681053', 2038.32, NULL, NULL, '2024-05-26', '2024-12-31', 'Odenmedi'),
(386, 2, '31058509481', 1544.10, NULL, NULL, '2024-05-26', '2024-12-31', 'Odenmedi'),
(387, 2, '31058509481', 2545.29, NULL, NULL, '2024-05-26', '2024-12-31', 'Odenmedi'),
(388, 2, '31741513890', 1495.11, NULL, NULL, '2024-05-26', '2024-12-31', 'Odenmedi'),
(389, 2, '31741513890', 2472.90, NULL, NULL, '2024-05-26', '2024-12-31', 'Odenmedi'),
(390, 2, '10741499113', 1473.62, NULL, NULL, '2024-05-26', '2024-12-31', 'Odenmedi'),
(391, 2, '10741499113', 2148.33, NULL, NULL, '2024-05-26', '2024-12-31', 'Odenmedi'),
(392, 2, '22299197867', 740.70, NULL, NULL, '2024-05-26', '2024-12-31', 'Odenmedi'),
(393, 2, '22299197867', 1910.93, NULL, NULL, '2024-05-26', '2024-12-31', 'Odenmedi'),
(394, 2, '73915497189', 1043.10, NULL, NULL, '2024-05-26', '2024-12-31', 'Odenmedi'),
(395, 2, '73915497189', 2038.32, NULL, NULL, '2024-05-26', '2024-12-31', 'Odenmedi'),
(396, 2, '21161576547', 1621.31, NULL, NULL, '2024-05-26', '2024-12-31', 'Odenmedi'),
(397, 2, '21161576547', 2403.88, NULL, NULL, '2024-05-26', '2024-12-31', 'Odenmedi'),
(398, 2, '77207843546', 1337.73, NULL, NULL, '2024-05-26', '2024-12-31', 'Odenmedi'),
(399, 2, '77207843546', 1607.39, NULL, NULL, '2024-05-26', '2024-12-31', 'Odenmedi'),
(400, 2, '45265060798', 1272.67, NULL, NULL, '2024-05-26', '2024-12-31', 'Odenmedi'),
(401, 2, '45265060798', 2035.26, NULL, NULL, '2024-05-26', '2024-12-31', 'Odenmedi'),
(402, 2, '26593231946', 1036.98, NULL, NULL, '2024-05-26', '2024-12-31', 'Odenmedi'),
(403, 2, '26593231946', 2229.41, NULL, NULL, '2024-05-26', '2024-12-31', 'Odenmedi'),
(404, 2, '68394350137', 1251.72, NULL, NULL, '2024-05-26', '2024-12-31', 'Odenmedi'),
(405, 2, '68394350137', 1910.93, NULL, NULL, '2024-05-26', '2024-12-31', 'Odenmedi'),
(1400, 1, '1000001', 70.32, NULL, 4, '2024-05-26', '2024-06-09', 'Odenmedi'),
(1401, 1, '1000002', 281.28, NULL, 16, '2024-05-26', '2024-06-09', 'Odenmedi'),
(1402, 1, '1000003', 228.54, NULL, 13, '2024-05-26', '2024-06-06', 'Odenmedi'),
(1403, 1, '1000004', 11778.60, NULL, 670, '2024-05-26', '2024-06-12', 'Odenmedi'),
(1404, 1, '1000005', 13132.26, NULL, 747, '2024-05-26', '2024-06-14', 'Odenmedi'),
(1405, 1, '1000006', 123.06, NULL, 7, '2024-05-26', '2024-06-11', 'Odenmedi'),
(1406, 1, '1000007', 228.54, NULL, 13, '2024-05-26', '2024-06-14', 'Odenmedi'),
(1407, 1, '1000008', 8350.50, NULL, 475, '2024-05-26', '2024-06-10', 'Odenmedi'),
(1408, 1, '1000009', 140.64, NULL, 8, '2024-05-26', '2024-06-12', 'Odenmedi'),
(1409, 1, '1000010', 386.76, NULL, 22, '2024-05-26', '2024-06-13', 'Odenmedi'),
(1410, 1, '1000011', 87.90, NULL, 5, '2024-05-26', '2024-06-13', 'Odenmedi'),
(1411, 1, '1000012', 210.96, NULL, 12, '2024-05-26', '2024-06-15', 'Odenmedi'),
(1412, 1, '1000013', 228.54, NULL, 13, '2024-05-26', '2024-06-08', 'Odenmedi'),
(1413, 1, '1000014', 158.22, NULL, 9, '2024-05-26', '2024-06-15', 'Odenmedi'),
(1414, 1, '1000015', 8051.64, NULL, 458, '2024-05-26', '2024-06-10', 'Odenmedi'),
(1415, 1, '1000016', 4412.58, NULL, 251, '2024-05-26', '2024-06-08', 'Odenmedi'),
(1416, 1, '1000017', 5045.46, NULL, 287, '2024-05-26', '2024-06-06', 'Odenmedi'),
(1417, 1, '1000018', 246.12, NULL, 14, '2024-05-26', '2024-06-13', 'Odenmedi'),
(1418, 1, '1000019', 246.12, NULL, 14, '2024-05-26', '2024-06-06', 'Odenmedi'),
(1419, 1, '1000020', 105.48, NULL, 6, '2024-05-26', '2024-06-11', 'Odenmedi'),
(1420, 1, '1000021', 246.12, NULL, 14, '2024-05-26', '2024-06-06', 'Odenmedi'),
(1421, 1, '1000022', 140.64, NULL, 8, '2024-05-26', '2024-06-09', 'Odenmedi'),
(1422, 1, '1000023', 210.96, NULL, 12, '2024-05-26', '2024-06-06', 'Odenmedi'),
(1423, 1, '1000024', 158.22, NULL, 9, '2024-05-26', '2024-06-10', 'Odenmedi'),
(1424, 1, '1000025', 298.86, NULL, 17, '2024-05-26', '2024-06-11', 'Odenmedi'),
(1425, 1, '1000026', 158.22, NULL, 9, '2024-05-26', '2024-06-10', 'Odenmedi'),
(1426, 1, '1000027', 123.06, NULL, 7, '2024-05-26', '2024-06-06', 'Odenmedi'),
(1427, 1, '1000028', 316.44, NULL, 18, '2024-05-26', '2024-06-07', 'Odenmedi'),
(1428, 1, '1000029', 4025.82, NULL, 229, '2024-05-26', '2024-06-06', 'Odenmedi'),
(1429, 1, '1000030', 210.96, NULL, 12, '2024-05-26', '2024-06-07', 'Odenmedi'),
(1430, 1, '1000031', 140.64, NULL, 8, '2024-05-26', '2024-06-10', 'Odenmedi'),
(1431, 1, '1000032', 123.06, NULL, 7, '2024-05-26', '2024-06-14', 'Odenmedi'),
(1432, 1, '1000033', 123.06, NULL, 7, '2024-05-26', '2024-06-13', 'Odenmedi'),
(1433, 1, '1000034', 228.54, NULL, 13, '2024-05-26', '2024-06-14', 'Odenmedi'),
(1434, 1, '1000035', 105.48, NULL, 6, '2024-05-26', '2024-06-13', 'Odenmedi'),
(1435, 1, '1000036', 123.06, NULL, 7, '2024-05-26', '2024-06-10', 'Odenmedi'),
(1436, 1, '1000037', 105.48, NULL, 6, '2024-05-26', '2024-06-08', 'Odenmedi'),
(1437, 1, '1000038', 457.08, NULL, 26, '2024-05-26', '2024-06-07', 'Odenmedi'),
(1438, 1, '1000039', 421.92, NULL, 24, '2024-05-26', '2024-06-09', 'Odenmedi'),
(1439, 1, '1000040', 175.80, NULL, 10, '2024-05-26', '2024-06-07', 'Odenmedi'),
(1440, 1, '1000041', 175.80, NULL, 10, '2024-05-26', '2024-06-14', 'Odenmedi'),
(1441, 1, '1000042', 228.54, NULL, 13, '2024-05-26', '2024-06-09', 'Odenmedi'),
(1442, 1, '1000043', 105.48, NULL, 6, '2024-05-26', '2024-06-12', 'Odenmedi'),
(1443, 1, '1000044', 316.44, NULL, 18, '2024-05-26', '2024-06-09', 'Odenmedi'),
(1444, 1, '1000045', 105.48, NULL, 6, '2024-05-26', '2024-06-10', 'Odenmedi'),
(1445, 1, '1000046', 263.70, NULL, 15, '2024-05-26', '2024-06-12', 'Odenmedi'),
(1446, 1, '1000047', 158.22, NULL, 9, '2024-05-26', '2024-06-08', 'Odenmedi'),
(1447, 1, '1000048', 404.34, NULL, 23, '2024-05-26', '2024-06-15', 'Odenmedi'),
(1448, 1, '1000049', 158.22, NULL, 9, '2024-05-26', '2024-06-12', 'Odenmedi'),
(1449, 1, '1000050', 12253.26, NULL, 697, '2024-05-26', '2024-06-14', 'Odenmedi'),
(1450, 1, '1000051', 87.90, NULL, 5, '2024-05-26', '2024-06-08', 'Odenmedi'),
(1451, 1, '1000052', 140.64, NULL, 8, '2024-05-26', '2024-06-15', 'Odenmedi'),
(1452, 1, '1000053', 175.80, NULL, 10, '2024-05-26', '2024-06-11', 'Odenmedi'),
(1453, 1, '1000054', 158.22, NULL, 9, '2024-05-26', '2024-06-10', 'Odenmedi'),
(1454, 1, '1000055', 263.70, NULL, 15, '2024-05-26', '2024-06-10', 'Odenmedi'),
(1455, 1, '1000056', 281.28, NULL, 16, '2024-05-26', '2024-06-09', 'Odenmedi'),
(1456, 1, '1000057', 210.96, NULL, 12, '2024-05-26', '2024-06-14', 'Odenmedi'),
(1457, 1, '1000058', 298.86, NULL, 17, '2024-05-26', '2024-06-13', 'Odenmedi'),
(1458, 1, '1000059', 4043.40, NULL, 230, '2024-05-26', '2024-06-08', 'Odenmedi'),
(1459, 1, '1000060', 246.12, NULL, 14, '2024-05-26', '2024-06-15', 'Odenmedi'),
(1460, 1, '1000061', 334.02, NULL, 19, '2024-05-26', '2024-06-13', 'Odenmedi'),
(1461, 1, '1000062', 175.80, NULL, 10, '2024-05-26', '2024-06-14', 'Odenmedi'),
(1462, 1, '1000063', 140.64, NULL, 8, '2024-05-26', '2024-06-15', 'Odenmedi'),
(1463, 1, '1000064', 70.32, NULL, 4, '2024-05-26', '2024-06-11', 'Odenmedi'),
(1464, 1, '1000065', 210.96, NULL, 12, '2024-05-26', '2024-06-11', 'Odenmedi'),
(1465, 1, '1000066', 281.28, NULL, 16, '2024-05-26', '2024-06-06', 'Odenmedi'),
(1466, 1, '1000067', 175.80, NULL, 10, '2024-05-26', '2024-06-08', 'Odenmedi'),
(1467, 1, '1000068', 369.18, NULL, 21, '2024-05-26', '2024-06-15', 'Odenmedi'),
(1468, 1, '1000069', 140.64, NULL, 8, '2024-05-26', '2024-06-15', 'Odenmedi'),
(1469, 1, '1000070', 87.90, NULL, 5, '2024-05-26', '2024-06-13', 'Odenmedi'),
(1470, 2, '1716733294', 2545.29, 37.42, NULL, '2024-05-24', '2024-05-25', 'Odenmedi'),
(1471, 2, '1716733294', 2545.29, 137.19, NULL, '2024-05-15', '2024-05-16', 'Odendi');

-- --------------------------------------------------------

--
-- Tablo için tablo yapısı `Borc_Tipleri`
--

CREATE TABLE `Borc_Tipleri` (
  `Tip_ID` int(11) NOT NULL,
  `Tip_Kodu` varchar(20) NOT NULL,
  `Tip_Durum` enum('True','False') NOT NULL
) ENGINE=InnoDB DEFAULT CHARSET=utf8mb4 COLLATE=utf8mb4_turkish_ci;

--
-- Tablo döküm verisi `Borc_Tipleri`
--

INSERT INTO `Borc_Tipleri` (`Tip_ID`, `Tip_Kodu`, `Tip_Durum`) VALUES
(1, 'Su_Faturasi', 'True'),
(2, 'Emlak_Vergisi', 'True'),
(3, 'Abonelik_Ucreti', 'True'),
(4, 'Ceza', 'True'),
(5, 'Vergi', 'True'),
(6, 'Otopark_Ucreti', 'True');

-- --------------------------------------------------------

--
-- Tablo için tablo yapısı `Ilce`
--

CREATE TABLE `Ilce` (
  `Ilce_ID` int(11) NOT NULL,
  `Ilce_Ad` varchar(50) NOT NULL
) ENGINE=InnoDB DEFAULT CHARSET=utf8mb4 COLLATE=utf8mb4_turkish_ci;

--
-- Tablo döküm verisi `Ilce`
--

INSERT INTO `Ilce` (`Ilce_ID`, `Ilce_Ad`) VALUES
(1, 'Güneşliova');

-- --------------------------------------------------------

--
-- Tablo için tablo yapısı `Mahalle`
--

CREATE TABLE `Mahalle` (
  `Mahalle_ID` int(11) NOT NULL,
  `Mahalle_Ilce_ID` int(11) NOT NULL,
  `Mahalle_Ad` varchar(50) NOT NULL,
  `Mahalle_M2_Deger` decimal(10,2) NOT NULL DEFAULT 10000.00,
  `Mahalle_Muhtar` varchar(50) NOT NULL,
  `Mahalle_Muhtar_Tel` varchar(15) NOT NULL,
  `Mahalle_Muhtar_Sicil_No` bigint(15) NOT NULL,
  `Mahalle_Nufus` int(11) DEFAULT NULL,
  `Mahalle_Nufus_K` int(11) DEFAULT NULL,
  `Mahalle_Nufus_E` int(11) DEFAULT NULL
) ENGINE=InnoDB DEFAULT CHARSET=utf8mb4 COLLATE=utf8mb4_turkish_ci;

--
-- Tablo döküm verisi `Mahalle`
--

INSERT INTO `Mahalle` (`Mahalle_ID`, `Mahalle_Ilce_ID`, `Mahalle_Ad`, `Mahalle_M2_Deger`, `Mahalle_Muhtar`, `Mahalle_Muhtar_Tel`, `Mahalle_Muhtar_Sicil_No`, `Mahalle_Nufus`, `Mahalle_Nufus_K`, `Mahalle_Nufus_E`) VALUES
(1, 1, 'Gültepe Mahallesi', 10294.00, 'Ayşe Demir', '55592142597', 605425273166, 1450, 725, 725),
(2, 1, 'Çınaraltı Mahallesi', 9427.00, 'Mehmet Yılmaz', '55568999241', 890854058685, 980, 490, 490),
(3, 1, 'Kavaklı Mahallesi', 10492.00, 'Elif Kaya', '55531702232', 677399905470, 1200, 600, 600),
(4, 1, 'Yeşilvadi Mahallesi', 8243.00, 'Ali Özkan', '55571349268', 352911924713, 1750, 875, 875),
(5, 1, 'Sahil Mahallesi', 8931.00, 'Fatma Arslan', '55580316032', 608727669258, 850, 425, 425),
(6, 1, 'Orkide Mahallesi', 7538.00, 'Mustafa Çelik', '55573861226', 289618642432, 2000, 1000, 1000),
(7, 1, 'Zümrüt Mahallesi', 6584.00, 'Aylin Şahin', '55550519038', 924205431830, 1300, 650, 650),
(8, 1, 'Güneş Mahallesi', 8493.00, 'Kemal Eren', '55525110722', 553335671828, 1100, 550, 550),
(9, 1, 'Serinlik Mahallesi', 6954.00, 'Zeynep Akgül', '55522432399', 395529127209, 1600, 800, 800),
(10, 1, 'Güzelbahçe Mahallesi', 8493.00, 'Ahmet Uysal', '55520219114', 735032619475, 900, 450, 450);

-- --------------------------------------------------------

--
-- Tablo için tablo yapısı `Moduller`
--

CREATE TABLE `Moduller` (
  `Modul_ID` int(11) NOT NULL,
  `Modul_Kodu` varchar(35) NOT NULL,
  `Modul_Gorsel` varchar(255) NOT NULL,
  `Modul_Icon` varchar(50) NOT NULL,
  `Modul_Tipi` enum('1st','3rd') NOT NULL,
  `Modul_Url` varchar(255) NOT NULL,
  `Modul_Uyelik` enum('True','False') NOT NULL,
  `Modul_Menu` enum('True','False') NOT NULL,
  `Modul_Sayfa` enum('','index','transport','digital-cash-desk') DEFAULT NULL,
  `Modul_Durumu` enum('True','False') NOT NULL,
  `Modul_Oncelik` int(11) NOT NULL
) ENGINE=InnoDB DEFAULT CHARSET=utf8mb4 COLLATE=utf8mb4_turkish_ci;

--
-- Tablo döküm verisi `Moduller`
--

INSERT INTO `Moduller` (`Modul_ID`, `Modul_Kodu`, `Modul_Gorsel`, `Modul_Icon`, `Modul_Tipi`, `Modul_Url`, `Modul_Uyelik`, `Modul_Menu`, `Modul_Sayfa`, `Modul_Durumu`, `Modul_Oncelik`) VALUES
(1, 'hizmet_masasi', 'img/kapaklar/YardımMasası.jpeg', 'message-square', '1st', 'service-desk', 'True', 'True', '', 'True', 0),
(3, 'borc_sorgula', 'img/kapaklar/Borçlar.jpeg', 'credit-card', '1st', 'debts', 'True', 'True', '', 'True', 0),
(4, 'kent_haritasi', 'img/kapaklar/Harita.jpeg', '', '3rd', 'https://www.google.com/maps/place/Ayd%C4%B1n', 'False', 'False', '', 'True', 0),
(5, 'sosyal_yardimlar', 'img/kapaklar/SosyalYardımlar.jpeg', 'heart', '1st', 'social-helps', 'False', 'True', '', 'True', 0),
(6, 'ulasim_agi', 'img/kapaklar/Ulaşım.jpeg', 'navigation', '1st', 'transport', 'False', 'True', '', 'True', 0),
(7, 'muhtarliklar', 'img/kapaklar/Muhtarlık.jpeg', 'award', '1st', 'headmens', 'False', 'True', '', 'True', 0),
(9, 'su_aboneligi', 'img/kapaklar/Su.jpeg', 'droplet', '1st', 'water', 'True', 'True', '', 'True', 0),
(10, 'dijital_vezne', 'img/kapaklar/Vezne.jpeg', 'dollar-sign', '1st', 'digital-cash-desk', 'False', 'True', '', 'True', 0),
(11, 'kartlarim', 'img/kapaklar/Kartlar.jpeg', 'navigation', '1st', 'transport-cards', 'True', 'True', 'transport', 'True', 0),
(12, 'ulasim_karti_bakiye', 'img/kapaklar/BakiyeYüklemek.jpeg', '', '1st', 'digital-cash-desk&type=ulasim_karti_bakiye', 'False', 'False', 'digital-cash-desk', 'True', 0),
(13, 'binis_simulasyonu', 'img/kapaklar/BinişSimülasyonu.jpeg', '', '1st', 'transport-simulator', 'True', 'False', 'transport', 'True', 0),
(14, 'personeller', 'img/kapaklar/Personeller.jpeg', 'users', '1st', 'staff', 'False', 'True', '', 'True', 0),
(15, 'mulklerim', 'img/kapaklar/Mülklerim.jpeg', 'home', '1st', 'properties', 'True', 'True', '', 'True', 0),
(16, 'github', 'https://media.licdn.com/dms/image/D5612AQHzIf3C_JJ0dg/article-cover_image-shrink_720_1280/0/1697857904917?e=1722470400&v=beta&t=oe_BGWHumayro2FfwrUnoXWK3U9MR_6_miC45DhIoP4', '', '3rd', 'https://github.com/enesbabekoglu/PHP-Ajax-MySQL-E-Belediye-Sistemi', 'False', 'False', '', 'True', 1000),
(17, 'borc_odeme', 'img/kapaklar/borc_ode.jpeg', '', '1st', 'digital-cash-desk&type=borc_odeme', 'False', 'False', 'digital-cash-desk', 'True', 0),
(19, 'demo_uyeler', 'https://geekflare.com/wp-content/uploads/2022/10/demo-video-creators.jpg', '', '3rd', 'https://enesbabekoglu.com.tr/projeler/belediye/Uyeler.pdf', 'False', 'False', '', 'True', 1000);

-- --------------------------------------------------------

--
-- Tablo için tablo yapısı `Mulkler`
--

CREATE TABLE `Mulkler` (
  `Mulk_ID` int(11) NOT NULL,
  `Mulk_Sahibi_Sicil_No` bigint(15) NOT NULL,
  `Mulk_Tip_ID` int(11) NOT NULL,
  `Mulk_Mahalle_ID` int(11) NOT NULL,
  `Mulk_Sokak_ID` int(11) NOT NULL,
  `Mulk_M2` float DEFAULT NULL,
  `Mulk_Kapi_No` varchar(10) NOT NULL
) ENGINE=InnoDB DEFAULT CHARSET=utf8mb4 COLLATE=utf8mb4_turkish_ci;

--
-- Tablo döküm verisi `Mulkler`
--

INSERT INTO `Mulkler` (`Mulk_ID`, `Mulk_Sahibi_Sicil_No`, `Mulk_Tip_ID`, `Mulk_Mahalle_ID`, `Mulk_Sokak_ID`, `Mulk_M2`, `Mulk_Kapi_No`) VALUES
(1, 1716127724, 5, 1, 1, 120, '10'),
(2, 1716733294, 4, 2, 4, 180, '20'),
(3, 87588202159, 3, 3, 7, 95, '30'),
(4, 57716622723, 2, 4, 10, 250, '40'),
(5, 22448503368, 1, 5, 13, 2000, '50'),
(6, 77531599754, 8, 6, 16, 85, '60'),
(7, 36418533219, 7, 7, 19, 3000, '70'),
(8, 30129608027, 6, 8, 22, 150, '80'),
(9, 99429649374, 5, 9, 25, 130, '90'),
(10, 77956647572, 4, 10, 28, 75, '100'),
(11, 61931416552, 3, 1, 2, 110, '110'),
(12, 79683983558, 2, 2, 5, 200, '120'),
(13, 42570581596, 1, 3, 8, 2500, '130'),
(14, 14179115504, 8, 4, 11, 100, '140'),
(15, 94923681053, 7, 5, 14, 3500, '150'),
(16, 31058509481, 6, 6, 17, 90, '160'),
(17, 31741513890, 5, 7, 20, 140, '170'),
(18, 10741499113, 4, 8, 23, 75, '180'),
(19, 22299197867, 3, 9, 26, 100, '190'),
(20, 73915497189, 2, 10, 29, 210, '200'),
(21, 21161576547, 1, 1, 3, 2200, '210'),
(22, 77207843546, 8, 2, 6, 115, '220'),
(23, 45265060798, 7, 3, 9, 4000, '230'),
(24, 26593231946, 6, 4, 12, 80, '240'),
(25, 68394350137, 5, 5, 15, 130, '250'),
(26, 37406625912, 4, 6, 18, 75, '260'),
(27, 85882763141, 3, 7, 21, 110, '270'),
(28, 30642295517, 2, 8, 24, 225, '280'),
(29, 62549180418, 1, 9, 27, 2300, '290'),
(30, 56592598358, 8, 10, 30, 100, '300'),
(31, 75211992287, 7, 1, 1, 4500, '310'),
(32, 88441406896, 6, 2, 4, 85, '320'),
(33, 24588903816, 5, 3, 7, 140, '330'),
(34, 49194462978, 4, 4, 10, 75, '340'),
(35, 51656779052, 3, 5, 13, 95, '350'),
(36, 34291967604, 2, 6, 16, 230, '360'),
(37, 18624517785, 1, 7, 19, 3000, '370'),
(38, 44078441387, 8, 8, 22, 120, '380'),
(39, 73413474581, 7, 9, 25, 5000, '390'),
(40, 22960192908, 6, 10, 28, 75, '400'),
(41, 54651762810, 5, 1, 2, 150, '410'),
(42, 82215960120, 4, 2, 5, 85, '420'),
(43, 81679357636, 3, 3, 8, 140, '430'),
(44, 14517831480, 2, 4, 11, 75, '440'),
(45, 56084006099, 1, 5, 14, 110, '450'),
(46, 64739181785, 8, 6, 17, 215, '460'),
(47, 84866522005, 7, 7, 20, 6000, '470'),
(48, 21363996073, 6, 8, 23, 75, '480'),
(49, 89518367209, 5, 9, 26, 125, '490'),
(50, 11537412788, 4, 10, 29, 75, '500'),
(51, 55997252227, 3, 1, 3, 85, '510'),
(52, 605425273166, 2, 2, 6, 250, '520'),
(53, 890854058685, 1, 3, 9, 2700, '530'),
(54, 677399905470, 8, 4, 12, 95, '540'),
(55, 352911924713, 7, 5, 15, 4000, '550'),
(56, 608727669258, 6, 6, 18, 75, '560'),
(57, 289618642432, 5, 7, 21, 130, '570'),
(58, 924205431830, 4, 8, 24, 75, '580'),
(59, 553335671828, 3, 9, 27, 115, '590'),
(60, 395529127209, 2, 10, 30, 225, '600'),
(61, 735032619475, 1, 1, 1, 2400, '610'),
(62, 20098765432, 8, 2, 4, 100, '620'),
(63, 20123456789, 7, 3, 7, 3000, '630'),
(64, 20134567890, 6, 4, 10, 95, '640'),
(65, 20145678901, 5, 5, 13, 140, '650'),
(66, 20156789012, 4, 6, 16, 75, '660'),
(67, 20167890123, 3, 7, 19, 110, '670'),
(68, 20178901234, 2, 8, 22, 200, '680'),
(69, 20189012345, 1, 9, 25, 2200, '690'),
(70, 20201234567, 8, 10, 28, 115, '700'),
(71, 20212345678, 7, 1, 2, 4000, '710'),
(72, 20223456789, 6, 2, 5, 75, '720'),
(73, 20234567890, 5, 3, 8, 130, '730'),
(74, 20245678901, 4, 4, 11, 75, '740'),
(75, 20256789012, 3, 5, 14, 95, '750'),
(76, 20267890123, 2, 6, 17, 230, '760'),
(77, 20278901234, 1, 7, 20, 3000, '770'),
(78, 20289012345, 8, 8, 23, 120, '780'),
(79, 20301234567, 7, 9, 26, 5000, '790'),
(80, 20312345678, 6, 10, 29, 75, '800'),
(81, 20323456789, 5, 1, 3, 150, '810'),
(82, 20334567890, 4, 2, 6, 85, '820'),
(83, 20345678901, 3, 3, 9, 140, '830'),
(84, 20356789012, 2, 4, 12, 75, '840'),
(85, 20367890123, 1, 5, 15, 110, '850'),
(86, 20378901234, 8, 6, 18, 215, '860'),
(87, 20389012345, 7, 7, 21, 6000, '870'),
(88, 20401234567, 6, 8, 24, 75, '880'),
(89, 20412345678, 5, 9, 27, 125, '890'),
(90, 20423456789, 4, 10, 30, 75, '900'),
(91, 20434567890, 3, 1, 1, 85, '910'),
(92, 20445678901, 2, 2, 4, 250, '920'),
(93, 20456789012, 1, 3, 7, 2700, '930'),
(94, 20467890123, 8, 4, 10, 95, '940'),
(95, 20478901234, 7, 5, 13, 4000, '950'),
(96, 20489012345, 6, 6, 16, 75, '960'),
(97, 20501234567, 5, 7, 19, 130, '970'),
(98, 20512345678, 4, 8, 22, 75, '980'),
(99, 20523456789, 3, 9, 25, 115, '990'),
(100, 20534567890, 2, 10, 28, 225, '1000'),
(101, 1716127724, 5, 1, 1, 100, '11'),
(102, 1716127724, 4, 2, 4, 180, '21'),
(103, 1716733294, 5, 3, 7, 95, '31'),
(104, 1716733294, 4, 4, 10, 200, '41'),
(105, 87588202159, 5, 5, 13, 110, '51'),
(106, 87588202159, 4, 6, 16, 190, '61'),
(107, 57716622723, 5, 7, 19, 75, '71'),
(108, 57716622723, 4, 8, 22, 150, '81'),
(109, 22448503368, 5, 9, 25, 100, '91'),
(110, 22448503368, 4, 10, 28, 160, '101'),
(111, 77531599754, 5, 1, 2, 105, '111'),
(112, 77531599754, 4, 2, 5, 170, '121'),
(113, 36418533219, 5, 3, 8, 85, '131'),
(114, 36418533219, 4, 4, 11, 130, '141'),
(115, 30129608027, 5, 5, 14, 95, '151'),
(116, 30129608027, 4, 6, 17, 180, '161'),
(117, 99429649374, 5, 7, 20, 105, '171'),
(118, 99429649374, 4, 8, 23, 175, '181'),
(119, 77956647572, 5, 9, 26, 120, '191'),
(120, 77956647572, 4, 10, 29, 150, '201'),
(121, 61931416552, 5, 1, 3, 130, '211'),
(122, 61931416552, 4, 2, 6, 190, '221'),
(123, 79683983558, 5, 3, 9, 85, '231'),
(124, 79683983558, 4, 4, 12, 140, '241'),
(125, 42570581596, 5, 5, 15, 75, '251'),
(126, 42570581596, 4, 6, 18, 110, '261'),
(127, 14179115504, 5, 7, 21, 90, '271'),
(128, 14179115504, 4, 8, 24, 125, '281'),
(129, 94923681053, 5, 9, 27, 115, '291'),
(130, 94923681053, 4, 10, 30, 160, '301'),
(131, 31058509481, 5, 1, 1, 100, '311'),
(132, 31058509481, 4, 2, 4, 180, '321'),
(133, 31741513890, 5, 3, 7, 95, '331'),
(134, 31741513890, 4, 4, 10, 200, '341'),
(135, 10741499113, 5, 5, 13, 110, '351'),
(136, 10741499113, 4, 6, 16, 190, '361'),
(137, 22299197867, 5, 7, 19, 75, '371'),
(138, 22299197867, 4, 8, 22, 150, '381'),
(139, 73915497189, 5, 9, 25, 100, '391'),
(140, 73915497189, 4, 10, 28, 160, '401'),
(141, 21161576547, 5, 1, 2, 105, '411'),
(142, 21161576547, 4, 2, 5, 170, '421'),
(143, 77207843546, 5, 3, 8, 85, '431'),
(144, 77207843546, 4, 4, 11, 130, '441'),
(145, 45265060798, 5, 5, 14, 95, '451'),
(146, 45265060798, 4, 6, 17, 180, '461'),
(147, 26593231946, 5, 7, 20, 105, '471'),
(148, 26593231946, 4, 8, 23, 175, '481'),
(149, 68394350137, 5, 9, 26, 120, '491'),
(150, 68394350137, 4, 10, 29, 150, '501');

-- --------------------------------------------------------

--
-- Tablo için tablo yapısı `Mulk_Tipleri`
--

CREATE TABLE `Mulk_Tipleri` (
  `Tip_ID` int(11) NOT NULL,
  `Tip_Ad` varchar(20) NOT NULL,
  `Tip_Durum` enum('True','False') NOT NULL
) ENGINE=InnoDB DEFAULT CHARSET=utf8mb4 COLLATE=utf8mb4_turkish_ci;

--
-- Tablo döküm verisi `Mulk_Tipleri`
--

INSERT INTO `Mulk_Tipleri` (`Tip_ID`, `Tip_Ad`, `Tip_Durum`) VALUES
(1, 'Tarla', 'True'),
(2, 'Arsa', 'True'),
(3, 'Dükkan', 'True'),
(4, 'Müstakil Ev', 'True'),
(5, 'Daire', 'True'),
(6, 'Depo', 'True'),
(7, 'Fabrika', 'True'),
(8, 'Atölye', 'True');

-- --------------------------------------------------------

--
-- Tablo için tablo yapısı `Odemeler`
--

CREATE TABLE `Odemeler` (
  `Odeme_ID` int(11) NOT NULL,
  `Odeme_Kodu` varchar(50) NOT NULL,
  `Odeme_No` varchar(255) NOT NULL,
  `Odeme_Uye_ID` int(11) DEFAULT NULL,
  `Odeme_Kart_Ad_Soyad` varchar(35) NOT NULL,
  `Odeme_Kart_No` varchar(16) NOT NULL,
  `Odeme_Tutar` decimal(10,2) NOT NULL,
  `Odeme_Zaman` datetime NOT NULL
) ENGINE=InnoDB DEFAULT CHARSET=utf8mb4 COLLATE=utf8mb4_turkish_ci;

--
-- Tablo döküm verisi `Odemeler`
--

INSERT INTO `Odemeler` (`Odeme_ID`, `Odeme_Kodu`, `Odeme_No`, `Odeme_Uye_ID`, `Odeme_Kart_Ad_Soyad`, `Odeme_Kart_No`, `Odeme_Tutar`, `Odeme_Zaman`) VALUES
(1, 'ulasim_karti_bakiye', '1234567890123457', 1, 'Enes Babekoğlu', '1234********3457', 10.00, '2024-05-23 15:09:39'),
(2, 'ulasim_karti_bakiye', '1234567890123457', 1, 'Enes Babekoğlu', '1234********1234', 60.00, '2024-05-23 17:42:25'),
(3, 'ulasim_karti_bakiye', '1234567890123457', NULL, 'Enes Babekoğlu', '1234********3457', 23.00, '2024-05-23 21:09:29'),
(4, 'ulasim_karti_bakiye', '1234567890123457', NULL, 'Sanem Coşkun', '1234********3457', 5.03, '2024-05-23 21:10:32'),
(5, 'ulasim_karti_bakiye', '1234567890123457', 1, 'Enes Babekoğlu', '1234********3457', 5.50, '2024-05-23 21:11:42'),
(6, 'ulasim_karti_bakiye', '1234567890123457', NULL, 'Enes Babekoğlu', '1234********3457', 50.00, '2024-05-23 21:16:26'),
(7, 'ulasim_karti_bakiye', '1234567890123456', 1, 'fs', '1234********3456', 5.00, '2024-05-23 21:27:45'),
(8, 'ulasim_karti_bakiye', '1234567890123456', 1, 'Enes Babekoğlu', '1234********3456', 5.00, '2024-05-23 21:32:06'),
(9, 'ulasim_karti_bakiye', '1234567890123456', 1, 'Enes', '1234********3456', 25.00, '2024-05-23 21:32:54'),
(10, 'ulasim_karti_bakiye', '1234567890123456', 1, 'enes', '1234********3456', 50.00, '2024-05-23 21:35:50'),
(11, 'ulasim_karti_bakiye', '1234567890123456', 1, '1234567890123456', '1234********3456', 5.00, '2024-05-23 21:36:39'),
(12, 'ulasim_karti_bakiye', '1234567890123456', 1, 'Sanem Coşkun', '1234********3456', 30.00, '2024-05-23 21:40:33'),
(13, 'ulasim_karti_bakiye', '1234567890123456', 1, 'Enes Babekoğlu', '1234********3456', 25.00, '2024-05-23 21:41:48'),
(14, 'ulasim_karti_bakiye', '1234567890123457', 1, 'Enes Babekoğlu', '1234********3457', 10.00, '2024-05-24 01:27:29'),
(15, 'ulasim_karti_bakiye', '1234567890123457', 1, 'Enes', '1234********3457', 60.00, '2024-05-24 11:15:50'),
(16, 'ulasim_karti_bakiye', '1234567890123456', 1, 'Enes', '1234********3456', 10.00, '2024-05-24 11:17:09'),
(17, 'ulasim_karti_bakiye', '1234567890123457', 1, 'enes', '1234********3457', 50.00, '2024-05-25 21:09:35'),
(18, 'ulasim_karti_bakiye', '3771300895556776', 1, 'Ali Veli', '3771********6776', 25.00, '2024-05-25 22:48:10'),
(19, 'ulasim_karti_bakiye', '4969339718414406', 1, 'Ahmet Can', '3771********6776', 25.00, '2024-05-25 22:49:54'),
(20, 'ulasim_karti_bakiye', '5026708783460632', 13, 'Ayşe Güler', '5026********0632', 25.00, '2024-05-26 17:48:36'),
(21, 'ulasim_karti_bakiye', '8303336184587526', 32, 'Ayşe Yılmaz', '8303********7526', 50.00, '2024-05-27 01:37:35'),
(22, 'ulasim_karti_bakiye', '9174197879831933', 3, 'Enes', '9174********1933', 50.00, '2024-05-27 16:52:51'),
(23, 'borc_odeme', '104', 3, 'Cemal Yıldırım', '1234********1234', 2884.89, '2024-05-27 22:06:44'),
(24, 'borc_odeme', '359', 3, 'Cemal Yıldırım', '1234********1234', 2472.90, '2024-05-27 22:11:34');

-- --------------------------------------------------------

--
-- Tablo için tablo yapısı `Sokaklar`
--

CREATE TABLE `Sokaklar` (
  `Sokak_ID` int(11) NOT NULL,
  `Mahalle_ID` int(11) NOT NULL,
  `Sokak_Ad` varchar(100) NOT NULL,
  `Sokak_Tipi` enum('Sokak','Cadde') NOT NULL,
  `Sokak_Durum` enum('True','False') NOT NULL
) ENGINE=InnoDB DEFAULT CHARSET=utf8mb4 COLLATE=utf8mb4_turkish_ci;

--
-- Tablo döküm verisi `Sokaklar`
--

INSERT INTO `Sokaklar` (`Sokak_ID`, `Mahalle_ID`, `Sokak_Ad`, `Sokak_Tipi`, `Sokak_Durum`) VALUES
(1, 1, 'Atatürk Sokak', 'Sokak', 'True'),
(2, 1, 'İnönü Sokak', 'Sokak', 'True'),
(3, 1, 'Cumhuriyet Caddesi', 'Cadde', 'True'),
(4, 1, 'Mustafa Kemal Caddesi', 'Cadde', 'True'),
(5, 1, 'Gültepe Bulvarı', 'Cadde', 'True'),
(6, 2, 'Menderes Sokak', 'Sokak', 'True'),
(7, 2, 'Atatürk Sokak', 'Sokak', 'True'),
(8, 2, 'İsmet İnönü Caddesi', 'Cadde', 'True'),
(9, 2, '15 Temmuz Caddesi', 'Cadde', 'True'),
(10, 2, 'Çınaraltı Meydanı', 'Cadde', 'True'),
(11, 3, 'Güneş Sokak', 'Sokak', 'True'),
(12, 3, 'Ay Sokak', 'Sokak', 'True'),
(13, 3, 'Zambak Caddesi', 'Cadde', 'True'),
(14, 3, 'Çınar Caddesi', 'Cadde', 'True'),
(15, 3, 'Kavaklı Bulvarı', 'Cadde', 'True'),
(16, 4, 'Çam Sokak', 'Sokak', 'True'),
(17, 4, 'Gül Sokak', 'Sokak', 'True'),
(18, 4, 'Lale Caddesi', 'Cadde', 'True'),
(19, 4, 'Kavak Caddesi', 'Cadde', 'True'),
(20, 4, 'Yeşilvadi Bulvarı', 'Cadde', 'True'),
(21, 5, 'Deniz Sokak', 'Sokak', 'True'),
(22, 5, 'Kum Sokak', 'Sokak', 'True'),
(23, 5, 'Sahil Caddesi', 'Cadde', 'True'),
(24, 5, 'Plaj Caddesi', 'Cadde', 'True'),
(25, 5, 'Sahil Bulvarı', 'Cadde', 'True'),
(26, 6, 'Papatya Sokak', 'Sokak', 'True'),
(27, 6, 'Gül Sokak', 'Sokak', 'True'),
(28, 6, 'Orkide Caddesi', 'Cadde', 'True'),
(29, 6, 'Menekşe Caddesi', 'Cadde', 'True'),
(30, 6, 'Orkide Bulvarı', 'Cadde', 'True'),
(31, 7, 'Zümrüt Sokak', 'Sokak', 'True'),
(32, 7, 'Yeşil Sokak', 'Sokak', 'True'),
(33, 7, 'Safa Caddesi', 'Cadde', 'True'),
(34, 7, 'Aydınlanma Caddesi', 'Cadde', 'True'),
(35, 7, 'Zümrüt Bulvarı', 'Cadde', 'True'),
(36, 8, 'Güneş Sokak', 'Sokak', 'True'),
(37, 8, 'Ay Sokak', 'Sokak', 'True'),
(38, 8, 'Yıldız Caddesi', 'Cadde', 'True'),
(39, 8, 'Güneş Caddesi', 'Cadde', 'True'),
(40, 8, 'Güneş Bulvarı', 'Cadde', 'True'),
(41, 9, 'Serinlik Sokak', 'Sokak', 'True'),
(42, 9, 'Rüzgar Sokak', 'Sokak', 'True'),
(43, 9, 'Serinlik Caddesi', 'Cadde', 'True'),
(44, 9, 'Gölge Caddesi', 'Cadde', 'True'),
(45, 9, 'Serinlik Bulvarı', 'Cadde', 'True'),
(46, 10, 'Bahçe Sokak', 'Sokak', 'True'),
(47, 10, 'Güzel Sokak', 'Sokak', 'True'),
(48, 10, 'Bahar Caddesi', 'Cadde', 'True'),
(49, 10, 'Güneş Caddesi', 'Cadde', 'True'),
(50, 10, 'Güzelbahçe Bulvarı', 'Cadde', 'True');

-- --------------------------------------------------------

--
-- Tablo için tablo yapısı `Sosyal_Yardimlar`
--

CREATE TABLE `Sosyal_Yardimlar` (
  `Yardim_ID` int(11) NOT NULL,
  `Yardim_Baslik` varchar(50) NOT NULL,
  `Yardim_Istenen_Girdiler` text DEFAULT NULL,
  `Yardim_Kapak` varchar(150) NOT NULL,
  `Yardim_Baslangic` datetime DEFAULT NULL,
  `Yardim_Bitis` datetime DEFAULT NULL,
  `Yardim_Durum` enum('True','False') NOT NULL,
  `Yardim_Sonuc` enum('True','False') NOT NULL
) ENGINE=InnoDB DEFAULT CHARSET=utf8mb4 COLLATE=utf8mb4_turkish_ci;

--
-- Tablo döküm verisi `Sosyal_Yardimlar`
--

INSERT INTO `Sosyal_Yardimlar` (`Yardim_ID`, `Yardim_Baslik`, `Yardim_Istenen_Girdiler`, `Yardim_Kapak`, `Yardim_Baslangic`, `Yardim_Bitis`, `Yardim_Durum`, `Yardim_Sonuc`) VALUES
(1, 'Üniversite Öğrencilerine Burs', 'Belediye Sınırlarımızda Mı Yaşıyorsunuz? [Evet, Hayır], Siz Hariç Aileniz Kaç Kişi? [1, 2, 3, 4+], Ailenizin Aylık Geliri, Nerede Kalıyorsunuz? [Yurtta, Kiralık Ev, Aile Evi, Diğer], Başka Bir Yerden Burs Alıyor Musunuz? [Evet, Hayır]', 'img/kapaklar/burs.png', NULL, NULL, 'True', 'False'),
(2, 'Kurban Bayramı Erzak Yardımları', 'Aylık Aile Geliri, Kaç Kişi Yaşıyorsunuz? [1, 2, 3, 4, 5+], Emekli Misiniz? [Evet, Hayır], Çalışıyor Musunuz? [Evet, Hayır]', 'img/kapaklar/kurban-erzak.png', NULL, NULL, 'True', 'False'),
(3, '2 Öğün Taze Yemek Talebi', '65+ Yaşında Mısınız? [Evet, Hayır], Talep Nedeni [Yaşlıyım, Hastayım, Engelliyim], Talep Edilen Öğün Sayısı [2, 1], Talep Edilen Kişi Sayısı [1, 2]', 'img/kapaklar/yemek.png', NULL, NULL, 'True', 'False');

-- --------------------------------------------------------

--
-- Tablo için tablo yapısı `Sosyal_Yardimlar_Basvurular`
--

CREATE TABLE `Sosyal_Yardimlar_Basvurular` (
  `Basvuru_ID` int(11) NOT NULL,
  `Basvuru_Yardim_ID` int(11) NOT NULL,
  `Basvuru_Uye_ID` int(11) NOT NULL,
  `Basvuru_Girdiler` text DEFAULT NULL,
  `Basvuru_Durum` enum('Degerlendiriliyor','Onaylandi','Reddedildi','') NOT NULL,
  `Basvuru_Degerlendiren_ID` int(11) DEFAULT NULL,
  `Basvuru_Degerlendirme_Zaman` datetime DEFAULT NULL,
  `Basvuru_Degerlendirme_Not` varchar(100) DEFAULT NULL,
  `Basvuru_Zaman` datetime NOT NULL
) ENGINE=InnoDB DEFAULT CHARSET=utf8mb4 COLLATE=utf8mb4_turkish_ci;

-- --------------------------------------------------------

--
-- Tablo için tablo yapısı `Su_Abonelikler`
--

CREATE TABLE `Su_Abonelikler` (
  `Abone_ID` int(11) NOT NULL,
  `Abone_Mulk_ID` int(11) NOT NULL,
  `Abone_Sicil_No` bigint(15) NOT NULL,
  `Abone_Durum` enum('True','False') NOT NULL
) ENGINE=InnoDB DEFAULT CHARSET=utf8mb4 COLLATE=utf8mb4_turkish_ci;

--
-- Tablo döküm verisi `Su_Abonelikler`
--

INSERT INTO `Su_Abonelikler` (`Abone_ID`, `Abone_Mulk_ID`, `Abone_Sicil_No`, `Abone_Durum`) VALUES
(1000001, 74, 20245678901, 'True'),
(1000002, 114, 36418533219, 'True'),
(1000003, 41, 54651762810, 'True'),
(1000004, 87, 20389012345, 'True'),
(1000005, 39, 73413474581, 'True'),
(1000006, 126, 42570581596, 'True'),
(1000007, 99, 20523456789, 'True'),
(1000008, 95, 20478901234, 'True'),
(1000009, 107, 57716622723, 'True'),
(1000010, 138, 22299197867, 'True'),
(1000011, 48, 21363996073, 'True'),
(1000012, 70, 20201234567, 'True'),
(1000013, 43, 81679357636, 'True'),
(1000014, 90, 20423456789, 'True'),
(1000015, 15, 94923681053, 'True'),
(1000016, 23, 45265060798, 'True'),
(1000017, 71, 20212345678, 'True'),
(1000018, 38, 44078441387, 'True'),
(1000019, 141, 21161576547, 'True'),
(1000020, 56, 608727669258, 'True'),
(1000021, 121, 61931416552, 'True'),
(1000022, 64, 20134567890, 'True'),
(1000023, 131, 31058509481, 'True'),
(1000024, 75, 20256789012, 'True'),
(1000025, 106, 87588202159, 'True'),
(1000026, 35, 51656779052, 'True'),
(1000027, 111, 77531599754, 'True'),
(1000028, 132, 31058509481, 'True'),
(1000029, 31, 75211992287, 'True'),
(1000030, 22, 77207843546, 'True'),
(1000031, 125, 42570581596, 'True'),
(1000032, 109, 22448503368, 'True'),
(1000033, 18, 10741499113, 'True'),
(1000034, 89, 20412345678, 'True'),
(1000035, 98, 20512345678, 'True'),
(1000036, 25, 68394350137, 'True'),
(1000037, 143, 77207843546, 'True'),
(1000038, 122, 61931416552, 'True'),
(1000039, 104, 1716733294, 'True'),
(1000040, 72, 20223456789, 'True'),
(1000041, 9, 99429649374, 'True'),
(1000042, 14, 14179115504, 'True'),
(1000043, 27, 85882763141, 'True'),
(1000044, 124, 79683983558, 'True'),
(1000045, 135, 10741499113, 'True'),
(1000046, 97, 20501234567, 'True'),
(1000047, 83, 20345678901, 'True'),
(1000048, 110, 22448503368, 'True'),
(1000049, 17, 31741513890, 'True'),
(1000050, 79, 20301234567, 'True'),
(1000051, 3, 87588202159, 'True'),
(1000052, 50, 11537412788, 'True'),
(1000053, 26, 37406625912, 'True'),
(1000054, 145, 45265060798, 'True'),
(1000055, 65, 20145678901, 'True'),
(1000056, 144, 77207843546, 'True'),
(1000057, 139, 73915497189, 'True'),
(1000058, 118, 99429649374, 'True'),
(1000059, 63, 20123456789, 'True'),
(1000060, 30, 56592598358, 'True'),
(1000061, 148, 26593231946, 'True'),
(1000062, 129, 94923681053, 'True'),
(1000063, 120, 77956647572, 'True'),
(1000064, 96, 20489012345, 'True'),
(1000065, 116, 30129608027, 'True'),
(1000066, 81, 20323456789, 'True'),
(1000067, 133, 31741513890, 'True'),
(1000068, 130, 94923681053, 'True'),
(1000069, 80, 20312345678, 'True'),
(1000070, 58, 924205431830, 'True');

-- --------------------------------------------------------

--
-- Tablo için tablo yapısı `Talepler`
--

CREATE TABLE `Talepler` (
  `Talep_ID` int(11) NOT NULL,
  `Talep_Kategori_ID` int(11) NOT NULL,
  `Talep_Uye_ID` int(11) DEFAULT NULL,
  `Talep_Zaman` datetime NOT NULL,
  `Talep_Durum` enum('Beklemede','Incelemede','Cozuldu','Kapatildi') NOT NULL,
  `Talep_Departman_ID` int(11) DEFAULT NULL,
  `Talep_Son_Islem_Zaman` datetime DEFAULT NULL
) ENGINE=InnoDB DEFAULT CHARSET=utf8mb4 COLLATE=utf8mb4_turkish_ci;

--
-- Tablo döküm verisi `Talepler`
--

INSERT INTO `Talepler` (`Talep_ID`, `Talep_Kategori_ID`, `Talep_Uye_ID`, `Talep_Zaman`, `Talep_Durum`, `Talep_Departman_ID`, `Talep_Son_Islem_Zaman`) VALUES
(1, 1, 3, '2024-05-27 13:43:34', 'Beklemede', NULL, NULL),
(2, 1, 3, '2024-05-27 13:43:37', 'Beklemede', NULL, NULL),
(3, 1, 3, '2024-05-27 13:43:39', 'Beklemede', NULL, NULL),
(4, 1, 3, '2024-05-27 13:44:00', 'Beklemede', NULL, NULL),
(5, 3, 3, '2024-05-27 13:45:22', 'Beklemede', NULL, NULL),
(6, 4, 3, '2024-05-27 13:45:54', 'Incelemede', NULL, NULL);

-- --------------------------------------------------------

--
-- Tablo için tablo yapısı `Talepler_Mesajlar`
--

CREATE TABLE `Talepler_Mesajlar` (
  `Mesaj_ID` int(11) NOT NULL,
  `Talep_ID` int(11) NOT NULL,
  `Gonderen_Uye_ID` int(11) NOT NULL,
  `Gonderen_Tipi` enum('Vatandas','Personel') NOT NULL,
  `Mesaj_Zaman` datetime NOT NULL,
  `Mesaj` text NOT NULL
) ENGINE=InnoDB DEFAULT CHARSET=utf8mb4 COLLATE=utf8mb4_turkish_ci;

--
-- Tablo döküm verisi `Talepler_Mesajlar`
--

INSERT INTO `Talepler_Mesajlar` (`Mesaj_ID`, `Talep_ID`, `Gonderen_Uye_ID`, `Gonderen_Tipi`, `Mesaj_Zaman`, `Mesaj`) VALUES
(1, 1, 3, 'Vatandas', '2024-05-27 13:43:34', 'Park istiyorum'),
(2, 2, 3, 'Vatandas', '2024-05-27 13:43:37', ''),
(3, 3, 3, 'Vatandas', '2024-05-27 13:43:39', ''),
(4, 4, 3, 'Vatandas', '2024-05-27 13:44:00', ''),
(5, 5, 3, 'Vatandas', '2024-05-27 13:45:22', 'şoför çok kabaydı'),
(6, 6, 3, 'Vatandas', '2024-05-27 13:45:54', 'Belediye başkanıyla görüşmek istiyorum'),
(7, 6, 4, 'Personel', '2024-05-27 14:00:54', 'Görüşebilirsiniz');

-- --------------------------------------------------------

--
-- Tablo için tablo yapısı `Talep_Tipleri`
--

CREATE TABLE `Talep_Tipleri` (
  `Tip_ID` int(11) NOT NULL,
  `Tip_Ad` varchar(50) NOT NULL,
  `Tip_Durum` enum('True','False') NOT NULL
) ENGINE=InnoDB DEFAULT CHARSET=utf8mb4 COLLATE=utf8mb4_turkish_ci;

--
-- Tablo döküm verisi `Talep_Tipleri`
--

INSERT INTO `Talep_Tipleri` (`Tip_ID`, `Tip_Ad`, `Tip_Durum`) VALUES
(1, 'Öneri', 'True'),
(2, 'Talep', 'True'),
(3, 'Şikayet', 'True'),
(4, 'Randevu', 'True'),
(5, 'Teşekkür', 'True');

-- --------------------------------------------------------

--
-- Tablo için tablo yapısı `Ulasim_Hareket_Saatleri`
--

CREATE TABLE `Ulasim_Hareket_Saatleri` (
  `Hareket_ID` int(11) NOT NULL,
  `Hareket_Hat_ID` int(11) NOT NULL,
  `Hareket_Noktasi` varchar(55) NOT NULL,
  `Hafta_Ici` text NOT NULL,
  `Cumartesi` text NOT NULL,
  `Pazar` text NOT NULL
) ENGINE=InnoDB DEFAULT CHARSET=utf8mb4 COLLATE=utf8mb4_turkish_ci;

--
-- Tablo döküm verisi `Ulasim_Hareket_Saatleri`
--

INSERT INTO `Ulasim_Hareket_Saatleri` (`Hareket_ID`, `Hareket_Hat_ID`, `Hareket_Noktasi`, `Hafta_Ici`, `Cumartesi`, `Pazar`) VALUES
(1, 1, 'Belediye', '06:00\n06:30\n07:00\n07:30\n08:00\n08:30\n09:00\n09:30\n10:00\n10:30\n11:00\n11:30\n12:00\n12:30\n13:00\n13:30\n14:00\n14:30\n15:00\n15:30\n16:00\n16:30\n17:00\n17:30\n18:00\n18:30\n19:00\n19:30\n20:00\n20:30\n21:00\n21:30\n22:00\n22:30\n23:00\n23:30\n00:00', '06:00\n06:45\n07:30\n08:15\n09:00\n09:45\n10:30\n11:15\n12:00\n12:45\n13:30\n14:15\n15:00\n15:45\n16:30\n17:15\n18:00\n18:45\n19:30\n20:15\n21:00\n21:45\n22:30\n23:15\n00:00', '06:00\n07:00\n08:00\n09:00\n10:00\n11:00\n12:00\n13:00\n14:00\n15:00\n16:00\n17:00\n18:00\n19:00\n20:00\n21:00\n22:00\n23:00\n00:00'),
(2, 2, 'Belediye', '06:25\n07:25\n08:25\n09:25\n10:25\n11:25\n12:25\n13:25\n14:25\n15:25\n16:25\n17:25\n18:25\n19:25\n20:25', '07:25\n09:25\n11:25\n13:25\n15:25\n17:25\n19:25', '07:25\n09:25\n11:25\n13:25\n15:25\n17:25\n19:25'),
(3, 2, 'Aydın Terminali', '06:55\r\n07:55\r\n08:55\r\n09:55\r\n10:55\r\n11:55\r\n12:55\r\n13:55\r\n14:55\r\n15:55\r\n16:55\r\n17:55\r\n18:55\r\n19:55\r\n20:55', '07:55\r\n09:55\r\n11:55\r\n13:55\r\n15:55\r\n17:55\r\n19:55', '07:55\r\n09:55\r\n11:55\r\n13:55\r\n15:55\r\n17:55\r\n19:55'),
(4, 3, 'Belediye', '06:15\r\n07:00\r\n07:45\r\n08:30\r\n09:15\r\n10:00\r\n10:45\r\n11:30\r\n12:15\r\n13:00\r\n13:45\r\n14:30\r\n15:15\r\n16:00\r\n16:45\r\n17:30\r\n18:15\r\n19:00\r\n19:45\r\n20:30\r\n21:15', '07:45\n09:15\n10:45\n12:15\n13:45\n15:15\n16:45\n18:15\n19:45\n21:15', '07:45\n09:15\n10:45\n12:15\n13:45\n15:15\n16:45\n18:15\n19:45\n21:15'),
(5, 7, 'Belediye', '06:45\n07:45\n08:45\n09:45\n10:45\n11:45\n12:45\n13:45\n14:45\n15:45\n16:45\n17:45\n18:45\n19:45\n20:45\n21:45', '08:45\n10:45\n12:45\n14:45\n16:45\n18:45\n20:45', '08:45\n10:45\n12:45\n14:45\n16:45\n18:45\n20:45'),
(6, 6, 'Belediye', '07:05\r\n08:05\r\n09:05\r\n10:05\r\n11:05\r\n12:05\r\n13:05\r\n14:05\r\n15:05\r\n16:05\r\n17:05\r\n18:05\r\n19:05\r\n20:05', '07:35\n09:05\n11:05\n13:05\n15:05\n17:05\n19:05', '07:35\n09:05\n11:05\n13:05\n15:05\n17:05\n19:05'),
(7, 8, 'Belediye', '00:15\n01:15\n02:15\n03:15\n04:15\n05:15', '00:15\n01:15\n02:15\n03:15\n04:15\n05:15', '00:15\n01:15\n02:15\n03:15\n04:15\n05:15'),
(8, 8, 'Hastane', '00:35\n01:35\n02:35\n03:35\n04:35\n05:35', '00:35\n01:35\n02:35\n03:35\n04:35\n05:35', '00:35\n01:35\n02:35\n03:35\n04:35\n05:35'),
(9, 4, 'Belediye', '06:35\n06:50\n07:05\n07:20\n07:35\n07:50\n08:05\n08:20\n08:35\n08:50\n09:05\n09:20\n09:35\n09:50\n10:05\n10:20\n10:35\n10:50\n11:05\n11:20\n11:35\n11:50\n12:05\n12:20\n12:35\n12:50\n13:05\n13:20\n13:35\n13:50\n14:05\n14:20\n14:35\n14:50\n15:05\n15:20\n15:35\n15:50\n16:05\n16:20\n16:35\n16:50\n17:05\n17:20\n17:35\n17:50\n18:05\n18:20\n18:35\n18:50\n19:05\n19:20\n19:35\n19:50\n20:05\n20:20\n20:35\n20:50\n21:05\n21:20\n21:35\n21:50\n22:05\n22:20\n22:35\n22:50\n23:05\n23:20\n23:35\n23:50\n00:05', '06:35\r\n06:50\r\n07:05\r\n07:20\r\n07:35\r\n07:50\r\n08:05\r\n08:20\r\n08:35\r\n08:50\r\n09:05\r\n09:20\r\n09:35\r\n09:50\r\n10:05\r\n10:20\r\n10:35\r\n10:50\r\n11:05\r\n11:20\r\n11:35\r\n11:50\r\n12:05\r\n12:20\r\n12:35\r\n12:50\r\n13:05\r\n13:20\r\n13:35\r\n13:50\r\n14:05\r\n14:20\r\n14:35\r\n14:50\r\n15:05\r\n15:20\r\n15:35\r\n15:50\r\n16:05\r\n16:20\r\n16:35\r\n16:50\r\n17:05\r\n17:20\r\n17:35\r\n17:50\r\n18:05\r\n18:20\r\n18:35\r\n18:50\r\n19:05\r\n19:20\r\n19:35\r\n19:50\r\n20:05\r\n20:20\r\n20:35\r\n20:50\r\n21:05\r\n21:20\r\n21:35\r\n21:50\r\n22:05\r\n22:20\r\n22:35\r\n22:50\r\n23:05\r\n23:20\r\n23:35\r\n23:50\r\n00:05', '06:35\r\n06:50\r\n07:05\r\n07:20\r\n07:35\r\n07:50\r\n08:05\r\n08:20\r\n08:35\r\n08:50\r\n09:05\r\n09:20\r\n09:35\r\n09:50\r\n10:05\r\n10:20\r\n10:35\r\n10:50\r\n11:05\r\n11:20\r\n11:35\r\n11:50\r\n12:05\r\n12:20\r\n12:35\r\n12:50\r\n13:05\r\n13:20\r\n13:35\r\n13:50\r\n14:05\r\n14:20\r\n14:35\r\n14:50\r\n15:05\r\n15:20\r\n15:35\r\n15:50\r\n16:05\r\n16:20\r\n16:35\r\n16:50\r\n17:05\r\n17:20\r\n17:35\r\n17:50\r\n18:05\r\n18:20\r\n18:35\r\n18:50\r\n19:05\r\n19:20\r\n19:35\r\n19:50\r\n20:05\r\n20:20\r\n20:35\r\n20:50\r\n21:05\r\n21:20\r\n21:35\r\n21:50\r\n22:05\r\n22:20\r\n22:35\r\n22:50\r\n23:05\r\n23:20\r\n23:35\r\n23:50\r\n00:05'),
(10, 4, 'Hastane', '06:45\n07:00\n07:15\n07:30\n07:45\n08:00\n08:15\n08:30\n08:45\n09:00\n09:15\n09:30\n09:45\n10:00\n10:15\n10:30\n10:45\n11:00\n11:15\n11:30\n11:45\n12:00\n12:15\n12:30\n12:45\n13:00\n13:15\n13:30\n13:45\n14:00\n14:15\n14:30\n14:45\n15:00\n15:15\n15:30\n15:45\n16:00\n16:15\n16:30\n16:45\n17:00\n17:15\n17:30\n17:45\n18:00\n18:15\n18:30\n18:45\n19:00\n19:15\n19:30\n19:45\n20:00\n20:15\n20:30\n20:45\n21:00\n21:15\n21:30\n21:45\n22:00\n22:15\n22:30\n22:45\n23:00\n23:15\n23:30\n23:45\n00:00', '06:45\r\n07:00\r\n07:15\r\n07:30\r\n07:45\r\n08:00\r\n08:15\r\n08:30\r\n08:45\r\n09:00\r\n09:15\r\n09:30\r\n09:45\r\n10:00\r\n10:15\r\n10:30\r\n10:45\r\n11:00\r\n11:15\r\n11:30\r\n11:45\r\n12:00\r\n12:15\r\n12:30\r\n12:45\r\n13:00\r\n13:15\r\n13:30\r\n13:45\r\n14:00\r\n14:15\r\n14:30\r\n14:45\r\n15:00\r\n15:15\r\n15:30\r\n15:45\r\n16:00\r\n16:15\r\n16:30\r\n16:45\r\n17:00\r\n17:15\r\n17:30\r\n17:45\r\n18:00\r\n18:15\r\n18:30\r\n18:45\r\n19:00\r\n19:15\r\n19:30\r\n19:45\r\n20:00\r\n20:15\r\n20:30\r\n20:45\r\n21:00\r\n21:15\r\n21:30\r\n21:45\r\n22:00\r\n22:15\r\n22:30\r\n22:45\r\n23:00\r\n23:15\r\n23:30\r\n23:45\r\n00:00', '06:45\r\n07:00\r\n07:15\r\n07:30\r\n07:45\r\n08:00\r\n08:15\r\n08:30\r\n08:45\r\n09:00\r\n09:15\r\n09:30\r\n09:45\r\n10:00\r\n10:15\r\n10:30\r\n10:45\r\n11:00\r\n11:15\r\n11:30\r\n11:45\r\n12:00\r\n12:15\r\n12:30\r\n12:45\r\n13:00\r\n13:15\r\n13:30\r\n13:45\r\n14:00\r\n14:15\r\n14:30\r\n14:45\r\n15:00\r\n15:15\r\n15:30\r\n15:45\r\n16:00\r\n16:15\r\n16:30\r\n16:45\r\n17:00\r\n17:15\r\n17:30\r\n17:45\r\n18:00\r\n18:15\r\n18:30\r\n18:45\r\n19:00\r\n19:15\r\n19:30\r\n19:45\r\n20:00\r\n20:15\r\n20:30\r\n20:45\r\n21:00\r\n21:15\r\n21:30\r\n21:45\r\n22:00\r\n22:15\r\n22:30\r\n22:45\r\n23:00\r\n23:15\r\n23:30\r\n23:45\r\n00:00'),
(11, 5, 'Hastane', '06:30\r\n07:30\r\n08:30\r\n09:30\r\n10:30\r\n11:30\r\n12:30\r\n13:30\r\n14:30\r\n15:30\r\n16:30\r\n17:30\r\n18:30\r\n19:30\r\n20:30', '08:00\r\n09:30\r\n11:00\r\n12:30\r\n14:00\r\n15:30\r\n17:00\r\n18:30\r\n20:00', '08:00\r\n09:30\r\n11:00\r\n12:30\r\n14:00\r\n15:30\r\n17:00\r\n18:30\r\n20:00');

-- --------------------------------------------------------

--
-- Tablo için tablo yapısı `Ulasim_Hatlar`
--

CREATE TABLE `Ulasim_Hatlar` (
  `Hat_ID` int(11) NOT NULL,
  `Hat_Adi` varchar(25) NOT NULL,
  `Hat_Guzergah` longtext NOT NULL,
  `Hat_Tip_ID` int(11) NOT NULL,
  `Hat_Tarife_ID` int(11) NOT NULL,
  `Hat_Durum` enum('True','False') NOT NULL
) ENGINE=InnoDB DEFAULT CHARSET=utf8mb4 COLLATE=utf8mb4_turkish_ci;

--
-- Tablo döküm verisi `Ulasim_Hatlar`
--

INSERT INTO `Ulasim_Hatlar` (`Hat_ID`, `Hat_Adi`, `Hat_Guzergah`, `Hat_Tip_ID`, `Hat_Tarife_ID`, `Hat_Durum`) VALUES
(1, '3/H', 'Belediye - Hastane (Ring)', 3, 1, 'True'),
(2, '35/A', 'Belediye - Aydın Merkez', 3, 2, 'True'),
(3, '4/S', 'Belediye - Orkide - Yeşilvadi - Serinlik (Ring)', 3, 2, 'True'),
(4, 'T/1', 'Hastane - Sahil - Güzelbahçe - Güneş - Orkide - Belediye', 4, 3, 'True'),
(5, '4/H', 'Hastane - Kavaklı - Gültepe (Ring)', 3, 1, 'True'),
(6, '4/C', 'Belediye - Çınaraltı (Ring)', 3, 1, 'True'),
(7, '4/Z', 'Belediye - Zümrüt (Ring)', 3, 1, 'True'),
(8, 'T/1 (Gece)', 'Hastane - Sahil - Güzelbahçe - Güneş - Orkide - Belediye', 4, 4, 'True');

-- --------------------------------------------------------

--
-- Tablo için tablo yapısı `Ulasim_Hat_Tipleri`
--

CREATE TABLE `Ulasim_Hat_Tipleri` (
  `Hat_Tip_ID` int(11) NOT NULL,
  `Hat_Tip_Adi` varchar(50) NOT NULL,
  `Hat_Tip_Renk` varchar(15) NOT NULL,
  `Hat_Tip_Durum` enum('True','False') NOT NULL
) ENGINE=InnoDB DEFAULT CHARSET=utf8mb4 COLLATE=utf8mb4_turkish_ci;

--
-- Tablo döküm verisi `Ulasim_Hat_Tipleri`
--

INSERT INTO `Ulasim_Hat_Tipleri` (`Hat_Tip_ID`, `Hat_Tip_Adi`, `Hat_Tip_Renk`, `Hat_Tip_Durum`) VALUES
(3, 'Otobüs', 'warning', 'True'),
(4, 'Tramvay', 'danger', 'True');

-- --------------------------------------------------------

--
-- Tablo için tablo yapısı `Ulasim_Kartlar`
--

CREATE TABLE `Ulasim_Kartlar` (
  `Kart_ID` int(11) NOT NULL,
  `Kart_Tip_ID` int(11) NOT NULL,
  `Kart_No` varchar(16) NOT NULL,
  `Kart_Bakiye` decimal(10,2) NOT NULL,
  `Kart_Uye_ID` int(11) DEFAULT NULL,
  `Kart_Vize_Bitis` datetime DEFAULT NULL,
  `Kart_Durum` enum('True','False') NOT NULL
) ENGINE=InnoDB DEFAULT CHARSET=utf8mb4 COLLATE=utf8mb4_turkish_ci;

--
-- Tablo döküm verisi `Ulasim_Kartlar`
--

INSERT INTO `Ulasim_Kartlar` (`Kart_ID`, `Kart_Tip_ID`, `Kart_No`, `Kart_Bakiye`, `Kart_Uye_ID`, `Kart_Vize_Bitis`, `Kart_Durum`) VALUES
(7, 1, '1234567890123456', 0.90, 1, NULL, 'True'),
(8, 2, '1234567890123457', 14.35, 1, NULL, 'True'),
(9, 4, '3771300895556776', 25.00, 1, NULL, 'True'),
(10, 3, '4969339718414406', 25.00, 1, NULL, 'True'),
(11, 1, '5026708783460632', 6.80, 13, NULL, 'True'),
(12, 1, '8303336184587526', 20.00, 32, NULL, 'True'),
(13, 1, '7036418288480420', 0.00, 72, NULL, 'True'),
(14, 1, '9174197879831933', 2.70, 3, NULL, 'True');

-- --------------------------------------------------------

--
-- Tablo için tablo yapısı `Ulasim_Kart_Islemler`
--

CREATE TABLE `Ulasim_Kart_Islemler` (
  `Islem_ID` int(11) NOT NULL,
  `Islem_Tip` enum('Binis','Yukleme') NOT NULL,
  `Islem_Yeri` varchar(15) NOT NULL,
  `Islem_Kart_ID` int(11) NOT NULL,
  `Islem_Tutar` decimal(10,2) NOT NULL,
  `Islem_Zaman` datetime NOT NULL
) ENGINE=InnoDB DEFAULT CHARSET=utf8mb4 COLLATE=utf8mb4_turkish_ci;

--
-- Tablo döküm verisi `Ulasim_Kart_Islemler`
--

INSERT INTO `Ulasim_Kart_Islemler` (`Islem_ID`, `Islem_Tip`, `Islem_Yeri`, `Islem_Kart_ID`, `Islem_Tutar`, `Islem_Zaman`) VALUES
(1, 'Yukleme', 'Online', 8, 23.00, '2024-05-23 21:09:29'),
(2, 'Yukleme', 'Online', 8, 5.03, '2024-05-23 21:10:32'),
(3, 'Yukleme', 'Online', 8, 5.50, '2024-05-23 21:11:42'),
(4, 'Yukleme', 'Online', 8, 50.00, '2024-05-23 21:16:26'),
(5, 'Yukleme', 'Online', 7, 5.00, '2024-05-23 21:27:45'),
(6, 'Yukleme', 'Online', 7, 5.00, '2024-05-23 21:32:06'),
(7, 'Yukleme', 'Online', 7, 25.00, '2024-05-23 21:32:54'),
(8, 'Yukleme', 'Online', 7, 50.00, '2024-05-23 21:35:50'),
(9, 'Yukleme', 'Online', 7, 5.00, '2024-05-23 21:36:39'),
(10, 'Yukleme', 'Online', 7, 30.00, '2024-05-23 21:40:33'),
(11, 'Yukleme', 'Online', 7, 25.00, '2024-05-23 21:41:48'),
(12, 'Binis', '17/M-1', 8, 3.65, '2024-05-24 01:17:11'),
(13, 'Binis', '17/M-1', 8, 3.65, '2024-05-24 01:17:15'),
(14, 'Binis', '17/M-1', 7, 9.10, '2024-05-24 01:17:32'),
(15, 'Binis', '17/M-1', 7, 9.10, '2024-05-24 01:17:36'),
(16, 'Binis', '17/M-1', 8, 36.50, '2024-05-24 01:17:58'),
(17, 'Binis', '17/M-1', 8, 36.50, '2024-05-24 01:18:02'),
(18, 'Binis', '17/M-1', 8, 3.65, '2024-05-24 01:18:39'),
(19, 'Binis', '17/B', 8, 3.65, '2024-05-24 01:19:32'),
(20, 'Binis', '17/B', 8, 3.65, '2024-05-24 01:19:35'),
(21, 'Binis', '17/B', 8, 3.65, '2024-05-24 01:19:39'),
(22, 'Binis', '17/B', 7, 9.10, '2024-05-24 01:19:52'),
(23, 'Binis', '17/B', 7, 9.10, '2024-05-24 01:19:56'),
(24, 'Binis', '17/M-5', 7, 9.10, '2024-05-24 01:20:04'),
(25, 'Binis', '17/M-5', 7, 9.10, '2024-05-24 01:20:08'),
(26, 'Binis', '17/M-5', 7, 9.10, '2024-05-24 01:24:29'),
(27, 'Binis', '17/M-5', 7, 9.10, '2024-05-24 01:24:32'),
(28, 'Binis', '17/M-5', 7, 9.10, '2024-05-24 01:24:36'),
(29, 'Binis', '17/M-5', 7, 9.10, '2024-05-24 01:24:41'),
(30, 'Yukleme', 'Online', 8, 10.00, '2024-05-24 01:27:29'),
(31, 'Binis', '17/B', 8, 3.65, '2024-05-24 01:27:40'),
(32, 'Binis', '17/B', 8, 3.65, '2024-05-24 01:27:44'),
(33, 'Binis', '17/B', 8, 3.65, '2024-05-24 01:27:54'),
(34, 'Binis', '17/B', 7, 12.00, '2024-05-24 01:29:38'),
(35, 'Binis', '17/B', 7, 12.00, '2024-05-24 01:29:38'),
(36, 'Binis', '17/B', 7, 12.00, '2024-05-24 01:29:41'),
(37, 'Binis', '17/B', 7, 12.00, '2024-05-24 01:29:45'),
(38, 'Binis', '17/B', 7, 12.00, '2024-05-24 01:29:49'),
(39, 'Binis', '17/B', 7, 12.00, '2024-05-24 01:29:53'),
(40, 'Binis', '17/B', 7, 12.00, '2024-05-24 01:29:56'),
(41, 'Yukleme', 'Online', 8, 60.00, '2024-05-24 11:15:50'),
(42, 'Binis', '17/B', 8, 6.00, '2024-05-24 11:15:54'),
(43, 'Binis', '17/B', 8, 6.00, '2024-05-24 11:16:01'),
(44, 'Binis', '17/B', 8, 6.00, '2024-05-24 11:16:07'),
(45, 'Binis', '17', 8, 3.65, '2024-05-24 11:16:18'),
(46, 'Yukleme', 'Online', 7, 10.00, '2024-05-24 11:17:09'),
(47, 'Binis', '17/H', 8, 3.65, '2024-05-24 11:17:32'),
(48, 'Binis', '17/H', 8, 3.65, '2024-05-24 11:17:36'),
(49, 'Binis', '17/H', 7, 9.10, '2024-05-24 11:17:43'),
(50, 'Binis', '17/K', 8, 3.65, '2024-05-24 20:49:51'),
(51, 'Binis', '17/K', 8, 3.65, '2024-05-24 20:49:56'),
(52, 'Binis', '17/K', 8, 3.65, '2024-05-24 20:50:02'),
(53, 'Binis', '17/K', 8, 3.65, '2024-05-24 20:50:08'),
(54, 'Binis', '17/B', 8, 6.00, '2024-05-24 20:50:43'),
(55, 'Binis', '17/B', 8, 6.00, '2024-05-24 20:50:46'),
(56, 'Binis', '17', 8, 3.65, '2024-05-25 00:04:57'),
(57, 'Yukleme', 'Online', 8, 50.00, '2024-05-25 21:09:35'),
(58, 'Binis', '17/R', 8, 3.65, '2024-05-25 21:16:15'),
(59, 'Binis', '17/M-1', 8, 6.00, '2024-05-25 21:27:42'),
(60, 'Yukleme', 'Online', 9, 25.00, '2024-05-25 22:48:10'),
(61, 'Binis', '17/F', 9, 0.00, '2024-05-25 22:48:20'),
(62, 'Binis', '17/F', 9, 0.00, '2024-05-25 22:48:24'),
(63, 'Binis', '17/F', 9, 0.00, '2024-05-25 22:48:29'),
(64, 'Binis', '17/F', 9, 0.00, '2024-05-25 22:48:33'),
(65, 'Binis', '17/F', 9, 0.00, '2024-05-25 22:48:36'),
(66, 'Yukleme', 'Online', 10, 25.00, '2024-05-25 22:49:54'),
(67, 'Binis', '17/H', 9, 0.00, '2024-05-26 00:05:59'),
(68, 'Binis', '17/H', 8, 3.65, '2024-05-26 00:06:03'),
(69, 'Binis', '17/H', 8, 3.65, '2024-05-26 00:47:43'),
(70, 'Binis', '17/H', 10, 0.00, '2024-05-26 00:47:49'),
(71, 'Binis', '17/H', 9, 0.00, '2024-05-26 00:47:52'),
(72, 'Binis', '17/H', 9, 0.00, '2024-05-26 00:47:56'),
(73, 'Binis', '17/B', 8, 6.00, '2024-05-26 13:46:35'),
(74, 'Yukleme', 'Online', 11, 25.00, '2024-05-26 17:48:36'),
(75, 'Binis', '17/F', 11, 9.10, '2024-05-26 17:48:49'),
(76, 'Binis', '17/F', 11, 9.10, '2024-05-26 17:48:52'),
(77, 'Binis', '3/H', 8, 3.65, '2024-05-27 00:00:07'),
(78, 'Binis', 'T/1', 10, 0.00, '2024-05-27 00:05:20'),
(79, 'Binis', 'T/1', 8, 5.00, '2024-05-27 00:05:24'),
(80, 'Binis', 'T/1 (Gece)', 8, 5.00, '2024-05-27 00:12:23'),
(81, 'Yukleme', 'Online', 12, 50.00, '2024-05-27 01:37:35'),
(82, 'Binis', 'T/1 (Gece)', 12, 30.00, '2024-05-27 01:37:49'),
(83, 'Yukleme', 'Online', 14, 50.00, '2024-05-27 16:52:51'),
(84, 'Binis', '4/C', 14, 9.10, '2024-05-28 11:21:46'),
(85, 'Binis', '4/C', 14, 9.10, '2024-05-28 11:22:28'),
(86, 'Binis', '4/C', 14, 9.10, '2024-05-28 11:22:34'),
(87, 'Binis', 'T/1', 14, 10.00, '2024-05-28 11:22:44'),
(88, 'Binis', 'T/1', 14, 10.00, '2024-05-28 11:22:47');

-- --------------------------------------------------------

--
-- Tablo için tablo yapısı `Ulasim_Kart_Tipleri`
--

CREATE TABLE `Ulasim_Kart_Tipleri` (
  `Kart_Tip_ID` int(11) NOT NULL,
  `Tip_Kodu` varchar(35) NOT NULL,
  `Kart_Renk` varchar(30) NOT NULL,
  `Kart_Gorsel` varchar(100) NOT NULL,
  `Tip_Durum` enum('True','False') NOT NULL
) ENGINE=InnoDB DEFAULT CHARSET=utf8mb4 COLLATE=utf8mb4_turkish_ci;

--
-- Tablo döküm verisi `Ulasim_Kart_Tipleri`
--

INSERT INTO `Ulasim_Kart_Tipleri` (`Kart_Tip_ID`, `Tip_Kodu`, `Kart_Renk`, `Kart_Gorsel`, `Tip_Durum`) VALUES
(1, 'Tam', 'danger', '', 'True'),
(2, 'Ogrenci', 'primary', '', 'True'),
(3, 'Yasli', 'warning', '', 'True'),
(4, 'Engelli', 'success', '', 'True');

-- --------------------------------------------------------

--
-- Tablo için tablo yapısı `Ulasim_Tarifeler`
--

CREATE TABLE `Ulasim_Tarifeler` (
  `Tarife_ID` int(11) NOT NULL,
  `Tarife_Kodu` varchar(30) NOT NULL,
  `Ucret_Tam` decimal(10,2) NOT NULL,
  `Ucret_Ogrenci` decimal(10,2) NOT NULL,
  `Ucret_Yasli` decimal(10,2) NOT NULL,
  `Ucret_Engelli` decimal(10,2) NOT NULL,
  `Tarife_Durum` enum('True','False') NOT NULL
) ENGINE=InnoDB DEFAULT CHARSET=utf8mb4 COLLATE=utf8mb4_turkish_ci;

--
-- Tablo döküm verisi `Ulasim_Tarifeler`
--

INSERT INTO `Ulasim_Tarifeler` (`Tarife_ID`, `Tarife_Kodu`, `Ucret_Tam`, `Ucret_Ogrenci`, `Ucret_Yasli`, `Ucret_Engelli`, `Tarife_Durum`) VALUES
(1, 'Ring', 9.10, 3.65, 0.00, 0.00, 'True'),
(2, 'Uzun', 12.00, 6.00, 0.00, 0.00, 'True'),
(3, 'Tramvay', 10.00, 5.00, 0.00, 0.00, 'True'),
(4, 'Tramvay (Gece)', 30.00, 15.00, 0.00, 0.00, 'True');

-- --------------------------------------------------------

--
-- Tablo için tablo yapısı `Uyeler`
--

CREATE TABLE `Uyeler` (
  `Uye_ID` int(11) NOT NULL,
  `Uye_Ad` varchar(50) NOT NULL,
  `Uye_Soyad` varchar(50) NOT NULL,
  `Uye_TCK_No` bigint(11) NOT NULL,
  `Uye_Sicil_No` bigint(15) NOT NULL,
  `Uye_Tel_No` bigint(11) NOT NULL,
  `Uye_Dogum_Tarihi` date NOT NULL,
  `Uye_Cinsiyet` enum('E','K') NOT NULL,
  `Uye_Sifre` varchar(100) NOT NULL,
  `Uye_Profil` varchar(150) DEFAULT NULL,
  `Uye_Ogrencilik` enum('True','False') NOT NULL,
  `Uye_Engel` enum('True','False') NOT NULL,
  `Uye_Emekli` enum('True','False') NOT NULL,
  `Uye_Kayit_Tarihi` datetime NOT NULL
) ENGINE=InnoDB DEFAULT CHARSET=utf8mb4 COLLATE=utf8mb4_turkish_ci;

--
-- Tablo döküm verisi `Uyeler`
--

INSERT INTO `Uyeler` (`Uye_ID`, `Uye_Ad`, `Uye_Soyad`, `Uye_TCK_No`, `Uye_Sicil_No`, `Uye_Tel_No`, `Uye_Dogum_Tarihi`, `Uye_Cinsiyet`, `Uye_Sifre`, `Uye_Profil`, `Uye_Ogrencilik`, `Uye_Engel`, `Uye_Emekli`, `Uye_Kayit_Tarihi`) VALUES
(1, 'Enes', 'Babekoğlu', 16727482212, 1716127724, 5353353572, '2002-05-01', 'E', '$2y$10$QIkvfZslV/JQEw1G8atliObqqjauRkAhWIbgutk6vzkCO0CgT/CMK', NULL, 'False', 'False', 'False', '2024-05-19 17:08:44'),
(3, 'Cemal', 'Yıldırım', 78172421992, 1716733294, 5538928123, '1969-12-11', 'E', '$2y$10$RTHd6MUQ3J9aaJyD8q1bS.ObaacOW1BXOtEJfMgbWo7sWMvVgCKUq', 'img/personel/Cemal Yıldırım.jpeg', 'False', 'False', 'False', '2024-05-26 17:21:34'),
(4, 'Elif', 'Aksoy', 55502464543, 87588202159, 5793706888, '1990-05-12', 'K', '$2y$10$OxQTFHLalAQyOGh5wyl/S.gqY25Yfs6Hd5JWachEzKrjJ7/zBYaye', 'img/personel/Elif%20Aksoy.jpeg', 'False', 'False', 'False', '2024-05-26 17:27:00'),
(5, 'Murat', 'Doğan', 44403495951, 57716622723, 5504140316, '1985-08-25', 'E', '$2y$10$OxQTFHLalAQyOGh5wyl/S.gqY25Yfs6Hd5JWachEzKrjJ7/zBYaye', 'img/personel/Murat%20Do%C4%9Fan.jpeg', 'False', 'False', 'False', '2024-05-26 17:27:00'),
(6, 'Esra', 'Demir', 93713277237, 22448503368, 5901140976, '1992-11-07', 'K', '$2y$10$OxQTFHLalAQyOGh5wyl/S.gqY25Yfs6Hd5JWachEzKrjJ7/zBYaye', 'img/personel/Esra%20Demir.jpeg', 'False', 'False', 'False', '2024-05-26 17:27:00'),
(7, 'Murat', 'Yılmaz', 18167932134, 77531599754, 5479491168, '1980-03-18', 'E', '$2y$10$OxQTFHLalAQyOGh5wyl/S.gqY25Yfs6Hd5JWachEzKrjJ7/zBYaye', 'img/personel/Murat%20Y%C4%B1lmaz.jpeg', 'False', 'False', 'False', '2024-05-26 17:27:00'),
(8, 'Ayşe', 'Kılıç', 23176229170, 36418533219, 5028488681, '1987-07-30', 'K', '$2y$10$OxQTFHLalAQyOGh5wyl/S.gqY25Yfs6Hd5JWachEzKrjJ7/zBYaye', 'img/personel/Ay%C5%9Fe%20K%C4%B1l%C4%B1%C3%A7.jpeg', 'False', 'False', 'False', '2024-05-26 17:27:00'),
(9, 'Fatih', 'Yıldız', 33564309862, 30129608027, 5332834592, '1990-09-15', 'E', '$2y$10$OxQTFHLalAQyOGh5wyl/S.gqY25Yfs6Hd5JWachEzKrjJ7/zBYaye', 'img/personel/Fatih%20Y%C4%B1ld%C4%B1z.jpeg', 'False', 'False', 'False', '2024-05-26 17:27:00'),
(10, 'Hakan', 'Öztürk', 14967577583, 99429649374, 5802727965, '1985-12-03', 'E', '$2y$10$OxQTFHLalAQyOGh5wyl/S.gqY25Yfs6Hd5JWachEzKrjJ7/zBYaye', 'img/personel/Hakan%20%C3%96zt%C3%BCrk.jpeg', 'False', 'False', 'False', '2024-05-26 17:27:00'),
(11, 'Mehmet', 'Aydın', 12938639095, 77956647572, 5677414703, '1992-02-20', 'E', '$2y$10$OxQTFHLalAQyOGh5wyl/S.gqY25Yfs6Hd5JWachEzKrjJ7/zBYaye', 'img/personel/Mehmet%20Ayd%C4%B1n.jpeg', 'False', 'False', 'False', '2024-05-26 17:27:00'),
(12, 'Murat', 'Yılmaz', 20966676763, 61931416552, 5519522835, '1987-06-08', 'E', '$2y$10$OxQTFHLalAQyOGh5wyl/S.gqY25Yfs6Hd5JWachEzKrjJ7/zBYaye', NULL, 'False', 'False', 'False', '2024-05-26 17:27:00'),
(13, 'Ayşe', 'Güler', 87991029301, 79683983558, 5271631473, '1982-10-29', 'K', '$2y$10$OxQTFHLalAQyOGh5wyl/S.gqY25Yfs6Hd5JWachEzKrjJ7/zBYaye', 'img/personel/Ay%C5%9Fe%20G%C3%BCler.jpeg', 'False', 'False', 'False', '2024-05-26 17:27:00'),
(14, 'İsmail', 'Arslan', 13182215358, 42570581596, 5703402940, '1979-04-16', 'E', '$2y$10$OxQTFHLalAQyOGh5wyl/S.gqY25Yfs6Hd5JWachEzKrjJ7/zBYaye', 'img/personel/%C4%B0smail%20Arslan.jpeg', 'False', 'False', 'False', '2024-05-26 17:27:00'),
(15, 'Mehmet', 'Aksoy', 48819581352, 14179115504, 5938187069, '1983-01-22', 'E', '$2y$10$OxQTFHLalAQyOGh5wyl/S.gqY25Yfs6Hd5JWachEzKrjJ7/zBYaye', 'img/personel/Mehmet%20Aksoy.jpeg', 'False', 'False', 'False', '2024-05-26 17:27:00'),
(16, 'Selin', 'Kaya', 59646837394, 94923681053, 5063087731, '1989-03-28', 'K', '$2y$10$OxQTFHLalAQyOGh5wyl/S.gqY25Yfs6Hd5JWachEzKrjJ7/zBYaye', 'img/personel/Selin%20Kaya.jpeg', 'False', 'False', 'False', '2024-05-26 17:27:00'),
(17, 'Can', 'Yılmaz', 53618438852, 31058509481, 5715969262, '1991-08-17', 'E', '$2y$10$OxQTFHLalAQyOGh5wyl/S.gqY25Yfs6Hd5JWachEzKrjJ7/zBYaye', 'img/personel/Can%20Y%C4%B1lmaz.jpeg', 'False', 'False', 'False', '2024-05-26 17:27:00'),
(18, 'Ahmet', 'Demir', 89010642393, 31741513890, 5574173833, '1980-12-05', 'E', '$2y$10$OxQTFHLalAQyOGh5wyl/S.gqY25Yfs6Hd5JWachEzKrjJ7/zBYaye', 'img/personel/Ahmet%20Demir.jpeg', 'False', 'False', 'False', '2024-05-26 17:27:00'),
(19, 'Mehmet', 'Öztürk', 23153686293, 10741499113, 5602738216, '1993-05-18', 'E', '$2y$10$OxQTFHLalAQyOGh5wyl/S.gqY25Yfs6Hd5JWachEzKrjJ7/zBYaye', 'img/personel/Mehmet%20%C3%96zt%C3%BCrk.jpeg', 'False', 'False', 'False', '2024-05-26 17:27:00'),
(20, 'Mustafa', 'Çelik', 99007702692, 22299197867, 5716365378, '1988-09-10', 'E', '$2y$10$OxQTFHLalAQyOGh5wyl/S.gqY25Yfs6Hd5JWachEzKrjJ7/zBYaye', 'img/personel/Mustafa%20%C3%87elik.jpeg', 'False', 'False', 'False', '2024-05-26 17:27:00'),
(21, 'Ali', 'Kaya', 25466829301, 73915497189, 5035300008, '1984-11-27', 'E', '$2y$10$OxQTFHLalAQyOGh5wyl/S.gqY25Yfs6Hd5JWachEzKrjJ7/zBYaye', 'img/personel/Ali%20Kaya.jpeg', 'False', 'False', 'False', '2024-05-26 17:27:00'),
(22, 'Emre', 'Yılmaz', 14138515241, 21161576547, 5482137108, '1982-07-14', 'E', '$2y$10$OxQTFHLalAQyOGh5wyl/S.gqY25Yfs6Hd5JWachEzKrjJ7/zBYaye', 'img/personel/Emre%20Y%C4%B1lmaz.jpeg', 'False', 'False', 'False', '2024-05-26 17:27:00'),
(23, 'Kerem', 'Demir', 13476972024, 77207843546, 5617870049, '1990-04-30', 'E', '$2y$10$OxQTFHLalAQyOGh5wyl/S.gqY25Yfs6Hd5JWachEzKrjJ7/zBYaye', 'img/personel/Kerem%20Demir.jpeg', 'False', 'False', 'False', '2024-05-26 17:27:00'),
(24, 'Yusuf', 'Aktaş', 86417994263, 45265060798, 5411903599, '1986-12-19', 'E', '$2y$10$OxQTFHLalAQyOGh5wyl/S.gqY25Yfs6Hd5JWachEzKrjJ7/zBYaye', 'img/personel/Yusuf Aktaş.jpeg', 'False', 'False', 'False', '2024-05-26 17:27:00'),
(25, 'Zeynep', 'Çetin', 89561440217, 26593231946, 5269798242, '1987-05-05', 'K', '$2y$10$OxQTFHLalAQyOGh5wyl/S.gqY25Yfs6Hd5JWachEzKrjJ7/zBYaye', 'img/personel/Zeynep Çetin.jpeg', 'False', 'False', 'False', '2024-05-26 17:27:00'),
(26, 'Hüseyin', 'Demir', 88182677494, 68394350137, 5638041344, '1995-02-08', 'E', '$2y$10$OxQTFHLalAQyOGh5wyl/S.gqY25Yfs6Hd5JWachEzKrjJ7/zBYaye', 'img/personel/Hüseyin Demir.jpeg', 'False', 'False', 'False', '2024-05-26 17:27:00'),
(27, 'Ayşe', 'Karadağ', 31935557212, 37406625912, 5791405118, '1993-11-23', 'K', '$2y$10$OxQTFHLalAQyOGh5wyl/S.gqY25Yfs6Hd5JWachEzKrjJ7/zBYaye', 'img/personel/Ayşe Karadağ.jpeg', 'False', 'False', 'False', '2024-05-26 17:27:00'),
(28, 'Sultan', 'Kaya', 13912428490, 85882763141, 5085294811, '1998-08-14', 'K', '$2y$10$OxQTFHLalAQyOGh5wyl/S.gqY25Yfs6Hd5JWachEzKrjJ7/zBYaye', 'img/personel/Sultan Kaya.jpeg', 'False', 'False', 'False', '2024-05-26 17:27:00'),
(29, 'Mehmet', 'Kaya', 90734378351, 30642295517, 5455648281, '1989-06-03', 'E', '$2y$10$OxQTFHLalAQyOGh5wyl/S.gqY25Yfs6Hd5JWachEzKrjJ7/zBYaye', 'img/personel/Mehmet Kaya.jpeg', 'False', 'False', 'False', '2024-05-26 17:27:00'),
(30, 'Can', 'Demir', 63114842710, 62549180418, 5148904185, '1992-12-18', 'E', '$2y$10$OxQTFHLalAQyOGh5wyl/S.gqY25Yfs6Hd5JWachEzKrjJ7/zBYaye', 'img/personel/Can Demir.jpeg', 'False', 'False', 'False', '2024-05-26 17:27:00'),
(31, 'Fatma', 'Aksoy', 99359345156, 56592598358, 5609832878, '1995-03-07', 'K', '$2y$10$OxQTFHLalAQyOGh5wyl/S.gqY25Yfs6Hd5JWachEzKrjJ7/zBYaye', 'img/personel/Fatma Aksoy.jpeg', 'False', 'False', 'False', '2024-05-26 17:27:00'),
(32, 'Ayşe', 'Yılmaz', 39949968755, 75211992287, 5624556199, '1991-07-16', 'K', '$2y$10$OxQTFHLalAQyOGh5wyl/S.gqY25Yfs6Hd5JWachEzKrjJ7/zBYaye', 'img/personel/Ayşe Yılmaz.jpeg', 'False', 'False', 'False', '2024-05-26 17:27:00'),
(33, 'Emre', 'Altın', 95414315588, 88441406896, 5510712116, '1988-04-25', 'E', '$2y$10$OxQTFHLalAQyOGh5wyl/S.gqY25Yfs6Hd5JWachEzKrjJ7/zBYaye', 'img/personel/Emre Altın.jpeg', 'False', 'False', 'False', '2024-05-26 17:27:00'),
(34, 'Zeynep', 'Öztürk', 94496234501, 24588903816, 5993953537, '1990-11-12', 'K', '$2y$10$OxQTFHLalAQyOGh5wyl/S.gqY25Yfs6Hd5JWachEzKrjJ7/zBYaye', 'img/personel/Zeynep Öztürk.jpeg', 'False', 'False', 'False', '2024-05-26 17:27:00'),
(35, 'Ahmet', 'Yıldız', 53512383050, 49194462978, 5727057427, '1984-10-08', 'E', '$2y$10$OxQTFHLalAQyOGh5wyl/S.gqY25Yfs6Hd5JWachEzKrjJ7/zBYaye', 'img/personel/Ahmet Yıldız.jpeg', 'False', 'False', 'False', '2024-05-26 17:27:00'),
(36, 'Murat', 'Kaya', 39592456360, 51656779052, 5327850321, '1983-02-15', 'E', '$2y$10$OxQTFHLalAQyOGh5wyl/S.gqY25Yfs6Hd5JWachEzKrjJ7/zBYaye', 'img/personel/Murat Kaya.jpeg', 'False', 'False', 'False', '2024-05-26 17:27:00'),
(37, 'Can', 'Demir', 32562310334, 34291967604, 5597476775, '1996-06-22', 'E', '$2y$10$OxQTFHLalAQyOGh5wyl/S.gqY25Yfs6Hd5JWachEzKrjJ7/zBYaye', NULL, 'False', 'False', 'False', '2024-05-26 17:27:00'),
(38, 'Fatma', 'Yılmaz', 25988648874, 18624517785, 5946184945, '1990-09-03', 'K', '$2y$10$OxQTFHLalAQyOGh5wyl/S.gqY25Yfs6Hd5JWachEzKrjJ7/zBYaye', 'img/personel/Fatma Yılmaz.jpeg', 'False', 'False', 'False', '2024-05-26 17:27:00'),
(39, 'Emre', 'Güneş', 49909674767, 44078441387, 5562924282, '1992-12-07', 'E', '$2y$10$OxQTFHLalAQyOGh5wyl/S.gqY25Yfs6Hd5JWachEzKrjJ7/zBYaye', 'img/personel/Emre Güneş.jpeg', 'False', 'False', 'False', '2024-05-26 17:27:00'),
(40, 'Zeynep', 'Aydın', 71080605602, 73413474581, 5486950654, '1994-03-28', 'K', '$2y$10$OxQTFHLalAQyOGh5wyl/S.gqY25Yfs6Hd5JWachEzKrjJ7/zBYaye', 'img/personel/Zeynep Aydın.jpeg', 'False', 'False', 'False', '2024-05-26 17:27:00'),
(41, 'Ahmet', 'Çelik', 38887373347, 22960192908, 5757098302, '1986-11-29', 'E', '$2y$10$OxQTFHLalAQyOGh5wyl/S.gqY25Yfs6Hd5JWachEzKrjJ7/zBYaye', 'img/personel/Ahmet Çelik.jpeg', 'False', 'False', 'False', '2024-05-26 17:27:00'),
(42, 'Deniz', 'Kaya', 41813660368, 54651762810, 5420198174, '1988-05-16', 'K', '$2y$10$OxQTFHLalAQyOGh5wyl/S.gqY25Yfs6Hd5JWachEzKrjJ7/zBYaye', 'img/personel/Deniz Kaya.jpeg', 'False', 'False', 'False', '2024-05-26 17:27:00'),
(43, 'Selin', 'Yılmaz', 65133892898, 82215960120, 5174201385, '1990-08-20', 'K', '$2y$10$OxQTFHLalAQyOGh5wyl/S.gqY25Yfs6Hd5JWachEzKrjJ7/zBYaye', 'img/personel/Selin Yılmaz.jpeg', 'False', 'False', 'False', '2024-05-26 17:27:00'),
(44, 'Murat', 'Limoncu', 51742745779, 81679357636, 5590761706, '1987-12-04', 'E', '$2y$10$OxQTFHLalAQyOGh5wyl/S.gqY25Yfs6Hd5JWachEzKrjJ7/zBYaye', 'img/personel/Murat Limoncu.jpeg', 'False', 'False', 'False', '2024-05-26 17:27:00'),
(45, 'Demir', 'Haskan', 60804697909, 14517831480, 5557500738, '1993-06-10', 'E', '$2y$10$OxQTFHLalAQyOGh5wyl/S.gqY25Yfs6Hd5JWachEzKrjJ7/zBYaye', 'img/personel/Demir Haskan.jpeg', 'False', 'False', 'False', '2024-05-26 17:27:00'),
(46, 'Elif', 'Aydın', 67321840531, 56084006099, 5649494574, '1992-09-28', 'K', '$2y$10$OxQTFHLalAQyOGh5wyl/S.gqY25Yfs6Hd5JWachEzKrjJ7/zBYaye', 'img/personel/Elif Aydın.jpeg', 'False', 'False', 'False', '2024-05-26 17:27:00'),
(47, 'Mehmet', 'Demir', 74020542804, 64739181785, 5907047592, '1991-02-13', 'E', '$2y$10$OxQTFHLalAQyOGh5wyl/S.gqY25Yfs6Hd5JWachEzKrjJ7/zBYaye', 'img/personel/Mehmet Demir.jpeg', 'False', 'False', 'False', '2024-05-26 17:27:00'),
(48, 'Ayşe', 'Kaya', 73953873816, 84866522005, 5027455459, '1994-10-19', 'K', '$2y$10$OxQTFHLalAQyOGh5wyl/S.gqY25Yfs6Hd5JWachEzKrjJ7/zBYaye', 'img/personel/Ayşe Kaya.jpeg', 'False', 'False', 'False', '2024-05-26 17:27:00'),
(49, 'Fatma', 'Arslan', 67755393467, 21363996073, 5706153363, '1983-07-25', 'K', '$2y$10$OxQTFHLalAQyOGh5wyl/S.gqY25Yfs6Hd5JWachEzKrjJ7/zBYaye', 'img/personel/Fatma Arslan.jpeg', 'False', 'False', 'False', '2024-05-26 17:27:00'),
(50, 'Zehra', 'Kocaman', 67162235600, 89518367209, 5512279244, '1996-04-11', 'K', '$2y$10$OxQTFHLalAQyOGh5wyl/S.gqY25Yfs6Hd5JWachEzKrjJ7/zBYaye', 'img/personel/Zehra Kocaman.jpeg', 'False', 'False', 'False', '2024-05-26 17:27:00'),
(51, 'Emir', 'Toprak', 91970561213, 11537412788, 5353059811, '1987-08-03', 'E', '$2y$10$OxQTFHLalAQyOGh5wyl/S.gqY25Yfs6Hd5JWachEzKrjJ7/zBYaye', 'img/personel/Emir Toprak.jpeg', 'False', 'False', 'False', '2024-05-26 17:27:00'),
(52, 'Barış', 'Korkmaz', 74264679732, 55997252227, 5413246941, '1990-12-22', 'E', '$2y$10$OxQTFHLalAQyOGh5wyl/S.gqY25Yfs6Hd5JWachEzKrjJ7/zBYaye', 'img/personel/Barış Korkmaz.jpeg', 'False', 'False', 'False', '2024-05-26 17:27:00'),
(53, 'Ayşe', 'Demir', 12345678901, 605425273166, 55592142597, '1980-01-01', 'K', '$2y$10$OxQTFHLalAQyOGh5wyl/S.gqY25Yfs6Hd5JWachEzKrjJ7/zBYaye', NULL, 'False', 'False', 'False', '2024-05-26 17:57:57'),
(54, 'Mehmet', 'Yılmaz', 12345678902, 890854058685, 55568999241, '1985-02-02', 'E', '$2y$10$OxQTFHLalAQyOGh5wyl/S.gqY25Yfs6Hd5JWachEzKrjJ7/zBYaye', NULL, 'False', 'False', 'False', '2024-05-26 17:57:57'),
(55, 'Elif', 'Kaya', 12345678903, 677399905470, 55531702232, '1977-03-03', 'K', '$2y$10$OxQTFHLalAQyOGh5wyl/S.gqY25Yfs6Hd5JWachEzKrjJ7/zBYaye', NULL, 'False', 'False', 'False', '2024-05-26 17:57:57'),
(56, 'Ali', 'Özkan', 12345678904, 352911924713, 55571349268, '1990-04-04', 'E', '$2y$10$OxQTFHLalAQyOGh5wyl/S.gqY25Yfs6Hd5JWachEzKrjJ7/zBYaye', NULL, 'False', 'False', 'False', '2024-05-26 17:57:57'),
(57, 'Fatma', 'Arslan', 12345678905, 608727669258, 55580316032, '1983-05-05', 'K', '$2y$10$OxQTFHLalAQyOGh5wyl/S.gqY25Yfs6Hd5JWachEzKrjJ7/zBYaye', NULL, 'False', 'False', 'False', '2024-05-26 17:57:57'),
(58, 'Mustafa', 'Çelik', 12345678906, 289618642432, 55573861226, '1988-06-06', 'E', '$2y$10$OxQTFHLalAQyOGh5wyl/S.gqY25Yfs6Hd5JWachEzKrjJ7/zBYaye', NULL, 'False', 'False', 'False', '2024-05-26 17:57:57'),
(59, 'Aylin', 'Şahin', 12345678907, 924205431830, 55550519038, '1995-07-07', 'K', '$2y$10$OxQTFHLalAQyOGh5wyl/S.gqY25Yfs6Hd5JWachEzKrjJ7/zBYaye', NULL, 'False', 'False', 'False', '2024-05-26 17:57:57'),
(60, 'Kemal', 'Eren', 12345678908, 553335671828, 55525110722, '1975-08-08', 'E', '$2y$10$OxQTFHLalAQyOGh5wyl/S.gqY25Yfs6Hd5JWachEzKrjJ7/zBYaye', NULL, 'False', 'False', 'False', '2024-05-26 17:57:57'),
(61, 'Zeynep', 'Akgül', 12345678909, 395529127209, 55522432399, '1982-09-09', 'K', '$2y$10$OxQTFHLalAQyOGh5wyl/S.gqY25Yfs6Hd5JWachEzKrjJ7/zBYaye', NULL, 'False', 'False', 'False', '2024-05-26 17:57:57'),
(62, 'Ahmet', 'Uysal', 12345678910, 735032619475, 55520219114, '1989-10-10', 'E', '$2y$10$OxQTFHLalAQyOGh5wyl/S.gqY25Yfs6Hd5JWachEzKrjJ7/zBYaye', NULL, 'False', 'False', 'False', '2024-05-26 17:57:57'),
(63, 'Ahmet', 'Yılmaz', 10036598741, 20098765432, 5551234567, '1985-03-12', 'E', '$2y$10$OxQTFHLalAQyOGh5wyl/S.gqY25Yfs6Hd5JWachEzKrjJ7/zBYaye', NULL, 'False', 'False', 'False', '2024-05-26 18:11:41'),
(64, 'Ayşe', 'Kaya', 10045678932, 20123456789, 5552345678, '1990-07-24', 'K', '$2y$10$OxQTFHLalAQyOGh5wyl/S.gqY25Yfs6Hd5JWachEzKrjJ7/zBYaye', NULL, 'False', 'False', 'False', '2024-05-26 18:11:41'),
(65, 'Mehmet', 'Demir', 10059874563, 20134567890, 5553456789, '1975-11-03', 'E', '$2y$10$OxQTFHLalAQyOGh5wyl/S.gqY25Yfs6Hd5JWachEzKrjJ7/zBYaye', NULL, 'False', 'False', 'True', '2024-05-26 18:11:41'),
(66, 'Fatma', 'Şahin', 10065432198, 20145678901, 5554567890, '1995-08-17', 'K', '$2y$10$OxQTFHLalAQyOGh5wyl/S.gqY25Yfs6Hd5JWachEzKrjJ7/zBYaye', NULL, 'True', 'False', 'False', '2024-05-26 18:11:41'),
(67, 'Mustafa', 'Koç', 10076543210, 20156789012, 5555678901, '1982-04-29', 'E', '$2y$10$OxQTFHLalAQyOGh5wyl/S.gqY25Yfs6Hd5JWachEzKrjJ7/zBYaye', NULL, 'False', 'False', 'True', '2024-05-26 18:11:41'),
(68, 'Emine', 'Aydın', 10082345678, 20167890123, 5556789012, '1998-01-08', 'K', '$2y$10$OxQTFHLalAQyOGh5wyl/S.gqY25Yfs6Hd5JWachEzKrjJ7/zBYaye', NULL, 'True', 'False', 'False', '2024-05-26 18:11:41'),
(69, 'Ali', 'Aslan', 10093456789, 20178901234, 5557890123, '1980-06-21', 'E', '$2y$10$OxQTFHLalAQyOGh5wyl/S.gqY25Yfs6Hd5JWachEzKrjJ7/zBYaye', NULL, 'False', 'False', 'True', '2024-05-26 18:11:41'),
(70, 'Aylin', 'Güneş', 10106543219, 20189012345, 5558901234, '1972-09-14', 'K', '$2y$10$OxQTFHLalAQyOGh5wyl/S.gqY25Yfs6Hd5JWachEzKrjJ7/zBYaye', NULL, 'False', 'False', 'True', '2024-05-26 18:11:41'),
(71, 'Kemal', 'Yıldız', 10113456789, 20201234567, 5559012345, '1987-12-30', 'E', '$2y$10$OxQTFHLalAQyOGh5wyl/S.gqY25Yfs6Hd5JWachEzKrjJ7/zBYaye', NULL, 'False', 'False', 'False', '2024-05-26 18:11:41'),
(72, 'Hatice', 'Erdoğan', 10129876543, 20212345678, 5559123456, '1993-10-05', 'K', '$2y$10$OxQTFHLalAQyOGh5wyl/S.gqY25Yfs6Hd5JWachEzKrjJ7/zBYaye', NULL, 'False', 'False', 'False', '2024-05-26 18:11:41'),
(73, 'Hüseyin', 'Öztürk', 10132345678, 20223456789, 5559234567, '1978-03-18', 'E', '$2y$10$OxQTFHLalAQyOGh5wyl/S.gqY25Yfs6Hd5JWachEzKrjJ7/zBYaye', NULL, 'True', 'False', 'False', '2024-05-26 18:11:41'),
(74, 'Zeynep', 'Kurt', 10149876543, 20234567890, 5559345678, '1996-07-02', 'K', '$2y$10$OxQTFHLalAQyOGh5wyl/S.gqY25Yfs6Hd5JWachEzKrjJ7/zBYaye', NULL, 'False', 'False', 'False', '2024-05-26 18:11:41'),
(75, 'Hasan', 'Yılmaz', 10152345678, 20245678901, 5559456789, '1984-11-25', 'E', '$2y$10$OxQTFHLalAQyOGh5wyl/S.gqY25Yfs6Hd5JWachEzKrjJ7/zBYaye', NULL, 'False', 'False', 'True', '2024-05-26 18:11:41'),
(76, 'Özlem', 'Aydın', 10169876543, 20256789012, 5559567890, '1991-04-09', 'K', '$2y$10$OxQTFHLalAQyOGh5wyl/S.gqY25Yfs6Hd5JWachEzKrjJ7/zBYaye', NULL, 'False', 'False', 'False', '2024-05-26 18:11:41'),
(77, 'Serkan', 'Şahin', 10172345678, 20267890123, 5559678901, '1976-02-13', 'E', '$2y$10$OxQTFHLalAQyOGh5wyl/S.gqY25Yfs6Hd5JWachEzKrjJ7/zBYaye', NULL, 'False', 'False', 'True', '2024-05-26 18:11:41'),
(78, 'Şule', 'Koç', 10189876543, 20278901234, 5559789012, '1990-08-27', 'K', '$2y$10$OxQTFHLalAQyOGh5wyl/S.gqY25Yfs6Hd5JWachEzKrjJ7/zBYaye', NULL, 'True', 'False', 'False', '2024-05-26 18:11:41'),
(79, 'Ömer', 'Aydın', 10192345678, 20289012345, 5559890123, '1982-05-20', 'E', '$2y$10$OxQTFHLalAQyOGh5wyl/S.gqY25Yfs6Hd5JWachEzKrjJ7/zBYaye', NULL, 'False', 'False', 'True', '2024-05-26 18:11:41'),
(80, 'Seda', 'Yıldız', 10209876543, 20301234567, 5559901234, '1979-10-08', 'K', '$2y$10$OxQTFHLalAQyOGh5wyl/S.gqY25Yfs6Hd5JWachEzKrjJ7/zBYaye', NULL, 'False', 'False', 'False', '2024-05-26 18:11:41'),
(81, 'Yusuf', 'Erdoğan', 10212345678, 20312345678, 5559912345, '1995-03-14', 'E', '$2y$10$OxQTFHLalAQyOGh5wyl/S.gqY25Yfs6Hd5JWachEzKrjJ7/zBYaye', NULL, 'True', 'False', 'False', '2024-05-26 18:11:41'),
(82, 'Gülay', 'Kurt', 10229876543, 20323456789, 5559923456, '1987-07-30', 'K', '$2y$10$OxQTFHLalAQyOGh5wyl/S.gqY25Yfs6Hd5JWachEzKrjJ7/zBYaye', NULL, 'False', 'False', 'True', '2024-05-26 18:11:41'),
(83, 'Fırat', 'Yılmaz', 10232345678, 20334567890, 5559934567, '1973-12-17', 'E', '$2y$10$OxQTFHLalAQyOGh5wyl/S.gqY25Yfs6Hd5JWachEzKrjJ7/zBYaye', NULL, 'False', 'False', 'False', '2024-05-26 18:11:41'),
(84, 'Sibel', 'Demir', 10249876543, 20345678901, 5559945678, '1998-05-03', 'K', '$2y$10$OxQTFHLalAQyOGh5wyl/S.gqY25Yfs6Hd5JWachEzKrjJ7/zBYaye', NULL, 'False', 'False', 'False', '2024-05-26 18:11:41'),
(85, 'Burak', 'Erdoğan', 10252345678, 20356789012, 5559956789, '1985-09-21', 'E', '$2y$10$OxQTFHLalAQyOGh5wyl/S.gqY25Yfs6Hd5JWachEzKrjJ7/zBYaye', NULL, 'True', 'False', 'False', '2024-05-26 18:11:41'),
(86, 'Deniz', 'Kaya', 10269876543, 20367890123, 5559967890, '1990-01-15', 'K', '$2y$10$OxQTFHLalAQyOGh5wyl/S.gqY25Yfs6Hd5JWachEzKrjJ7/zBYaye', NULL, 'False', 'False', 'True', '2024-05-26 18:11:41'),
(87, 'Gökhan', 'Aydın', 10272345678, 20378901234, 5559978901, '1976-06-07', 'E', '$2y$10$OxQTFHLalAQyOGh5wyl/S.gqY25Yfs6Hd5JWachEzKrjJ7/zBYaye', NULL, 'False', 'False', 'False', '2024-05-26 18:11:41'),
(88, 'Pınar', 'Şahin', 10289876543, 20389012345, 5559989012, '1994-02-28', 'K', '$2y$10$OxQTFHLalAQyOGh5wyl/S.gqY25Yfs6Hd5JWachEzKrjJ7/zBYaye', NULL, 'False', 'False', 'False', '2024-05-26 18:11:41'),
(89, 'İbrahim', 'Yıldız', 10292345678, 20401234567, 5559990123, '1983-08-12', 'E', '$2y$10$OxQTFHLalAQyOGh5wyl/S.gqY25Yfs6Hd5JWachEzKrjJ7/zBYaye', NULL, 'False', 'False', 'True', '2024-05-26 18:11:41'),
(90, 'Öznur', 'Demir', 10309876543, 20412345678, 5559991234, '1997-04-05', 'K', '$2y$10$OxQTFHLalAQyOGh5wyl/S.gqY25Yfs6Hd5JWachEzKrjJ7/zBYaye', NULL, 'True', 'False', 'False', '2024-05-26 18:11:41'),
(91, 'Tolga', 'Erdoğan', 10312345678, 20423456789, 5559992345, '1981-11-23', 'E', '$2y$10$OxQTFHLalAQyOGh5wyl/S.gqY25Yfs6Hd5JWachEzKrjJ7/zBYaye', NULL, 'False', 'False', 'False', '2024-05-26 18:11:41'),
(92, 'Yıldız', 'Kurt', 10329876543, 20434567890, 5559993456, '1992-03-18', 'K', '$2y$10$OxQTFHLalAQyOGh5wyl/S.gqY25Yfs6Hd5JWachEzKrjJ7/zBYaye', NULL, 'False', 'False', 'True', '2024-05-26 18:11:41'),
(93, 'Turan', 'Yılmaz', 10332345678, 20445678901, 5559994567, '1974-07-10', 'E', '$2y$10$OxQTFHLalAQyOGh5wyl/S.gqY25Yfs6Hd5JWachEzKrjJ7/zBYaye', NULL, 'False', 'False', 'False', '2024-05-26 18:11:41'),
(94, 'Derya', 'Aydın', 10349876543, 20456789012, 5559995678, '1996-01-29', 'K', '$2y$10$OxQTFHLalAQyOGh5wyl/S.gqY25Yfs6Hd5JWachEzKrjJ7/zBYaye', NULL, 'False', 'False', 'True', '2024-05-26 18:11:41'),
(95, 'Ferhat', 'Şahin', 10352345678, 20467890123, 5559996789, '1988-05-14', 'E', '$2y$10$OxQTFHLalAQyOGh5wyl/S.gqY25Yfs6Hd5JWachEzKrjJ7/zBYaye', NULL, 'False', 'False', 'False', '2024-05-26 18:11:41'),
(96, 'Nur', 'Yıldız', 10369876543, 20478901234, 5559997890, '1977-02-06', 'K', '$2y$10$OxQTFHLalAQyOGh5wyl/S.gqY25Yfs6Hd5JWachEzKrjJ7/zBYaye', NULL, 'True', 'False', 'False', '2024-05-26 18:11:41'),
(97, 'Onur', 'Kaya', 10372345678, 20489012345, 5559998901, '1993-08-31', 'E', '$2y$10$OxQTFHLalAQyOGh5wyl/S.gqY25Yfs6Hd5JWachEzKrjJ7/zBYaye', NULL, 'False', 'False', 'True', '2024-05-26 18:11:41'),
(98, 'Türkan', 'Erdoğan', 10389876543, 20501234567, 5559999012, '1980-04-24', 'K', '$2y$10$OxQTFHLalAQyOGh5wyl/S.gqY25Yfs6Hd5JWachEzKrjJ7/zBYaye', NULL, 'False', 'False', 'False', '2024-05-26 18:11:41'),
(99, 'Levent', 'Demir', 10392345678, 20512345678, 5559999123, '1995-11-19', 'E', '$2y$10$OxQTFHLalAQyOGh5wyl/S.gqY25Yfs6Hd5JWachEzKrjJ7/zBYaye', NULL, 'False', 'False', 'True', '2024-05-26 18:11:41'),
(100, 'Nuray', 'Aydın', 10409876543, 20523456789, 5559999234, '1979-06-11', 'K', '$2y$10$OxQTFHLalAQyOGh5wyl/S.gqY25Yfs6Hd5JWachEzKrjJ7/zBYaye', NULL, 'False', 'False', 'False', '2024-05-26 18:11:41'),
(101, 'Uğur', 'Şenay', 10412345678, 20534567890, 5559999345, '1987-01-03', 'E', '$2y$10$OxQTFHLalAQyOGh5wyl/S.gqY25Yfs6Hd5JWachEzKrjJ7/zBYaye', NULL, 'False', 'False', 'True', '2024-05-26 18:11:41'),
(102, 'Gül', 'Kurt', 10429876543, 20545678901, 5559999456, '1990-07-28', 'K', '$2y$10$OxQTFHLalAQyOGh5wyl/S.gqY25Yfs6Hd5JWachEzKrjJ7/zBYaye', NULL, 'True', 'False', 'False', '2024-05-26 18:11:41'),
(103, 'Şeref', 'Yılmaz', 10432345678, 20556789012, 5559999567, '1983-03-15', 'E', '$2y$10$OxQTFHLalAQyOGh5wyl/S.gqY25Yfs6Hd5JWachEzKrjJ7/zBYaye', NULL, 'False', 'False', 'False', '2024-05-26 18:11:41'),
(104, 'Yasemin', 'Şahin', 10449876543, 20567890123, 5559999678, '1975-09-09', 'K', '$2y$10$OxQTFHLalAQyOGh5wyl/S.gqY25Yfs6Hd5JWachEzKrjJ7/zBYaye', NULL, 'False', 'False', 'True', '2024-05-26 18:11:41'),
(105, 'Yasin', 'Aydın', 10452345678, 20578901234, 5559999789, '1998-04-04', 'E', '$2y$10$OxQTFHLalAQyOGh5wyl/S.gqY25Yfs6Hd5JWachEzKrjJ7/zBYaye', NULL, 'False', 'False', 'False', '2024-05-26 18:11:41'),
(106, 'Özge', 'Erdoğan', 10469876543, 20589012345, 5559999890, '1982-11-27', 'K', '$2y$10$OxQTFHLalAQyOGh5wyl/S.gqY25Yfs6Hd5JWachEzKrjJ7/zBYaye', NULL, 'True', 'False', 'False', '2024-05-26 18:11:41'),
(107, 'Ufuk', 'Demir', 10472345678, 20601234567, 5559999901, '1993-07-22', 'E', '$2y$10$OxQTFHLalAQyOGh5wyl/S.gqY25Yfs6Hd5JWachEzKrjJ7/zBYaye', NULL, 'False', 'False', 'True', '2024-05-26 18:11:41'),
(108, 'Gizem', 'Yıldız', 10489876543, 20612345678, 5559999912, '1976-02-14', 'K', '$2y$10$OxQTFHLalAQyOGh5wyl/S.gqY25Yfs6Hd5JWachEzKrjJ7/zBYaye', NULL, 'False', 'False', 'False', '2024-05-26 18:11:41'),
(109, 'Adem', 'Kurt', 10492345678, 20623456789, 5559999923, '1995-08-09', 'E', '$2y$10$OxQTFHLalAQyOGh5wyl/S.gqY25Yfs6Hd5JWachEzKrjJ7/zBYaye', NULL, 'False', 'False', 'False', '2024-05-26 18:11:41'),
(110, 'Leyla', 'Şahin', 10509876543, 20634567890, 5559999934, '1989-04-03', 'K', '$2y$10$OxQTFHLalAQyOGh5wyl/S.gqY25Yfs6Hd5JWachEzKrjJ7/zBYaye', NULL, 'False', 'False', 'True', '2024-05-26 18:11:41'),
(111, 'Ahmet', 'Aydın', 10512345678, 20645678901, 5559999945, '1974-10-28', 'E', '$2y$10$OxQTFHLalAQyOGh5wyl/S.gqY25Yfs6Hd5JWachEzKrjJ7/zBYaye', NULL, 'True', 'False', 'False', '2024-05-26 18:11:41'),
(112, 'Merve', 'Erdoğan', 10529876543, 20656789012, 5559999956, '1997-06-23', 'K', '$2y$10$OxQTFHLalAQyOGh5wyl/S.gqY25Yfs6Hd5JWachEzKrjJ7/zBYaye', NULL, 'False', 'False', 'False', '2024-05-26 18:11:41'),
(113, 'Taner', 'Demir', 10532345678, 20667890123, 5559999967, '1982-02-17', 'E', '$2y$10$OxQTFHLalAQyOGh5wyl/S.gqY25Yfs6Hd5JWachEzKrjJ7/zBYaye', NULL, 'False', 'False', 'True', '2024-05-26 18:11:41'),
(114, 'İnci', 'Yıldız', 10549876543, 20678901234, 5559999978, '1994-08-13', 'K', '$2y$10$OxQTFHLalAQyOGh5wyl/S.gqY25Yfs6Hd5JWachEzKrjJ7/zBYaye', NULL, 'False', 'False', 'False', '2024-05-26 18:11:41'),
(115, 'Şenay', 'Kurt', 10552345678, 20689012345, 5559999989, '1978-03-09', 'K', '$2y$10$OxQTFHLalAQyOGh5wyl/S.gqY25Yfs6Hd5JWachEzKrjJ7/zBYaye', NULL, 'True', 'False', 'False', '2024-05-26 18:11:41'),
(122, 'Ali', 'Demir', 32344688901, 12345678901234, 5451234567, '1990-05-15', 'E', '$2y$10$OxQTFHLalAQyOGh5wyl/S.gqY25Yfs6Hd5JWachEzKrjJ7/zBYaye', 'img/personel/Ali Demir.jpeg', 'False', 'False', 'False', '2024-05-26 18:25:32'),
(123, 'Mustafa', 'Arslan', 21453789012, 23456789012345, 5352345678, '1985-08-20', 'E', '$2y$10$OxQTFHLalAQyOGh5wyl/S.gqY25Yfs6Hd5JWachEzKrjJ7/zBYaye', 'img/personel/Mustafa Arslan.jpeg', 'False', 'False', 'False', '2024-05-26 18:25:32'),
(124, 'Hasan', 'Demir', 38547895143, 34567890123456, 5653456789, '1995-12-10', 'E', '$2y$10$OxQTFHLalAQyOGh5wyl/S.gqY25Yfs6Hd5JWachEzKrjJ7/zBYaye', 'img/personel/Hasan Demir.jpeg', 'False', 'False', 'False', '2024-05-26 18:25:32');

--
-- Dökümü yapılmış tablolar için indeksler
--

--
-- Tablo için indeksler `Belediye`
--
ALTER TABLE `Belediye`
  ADD PRIMARY KEY (`Belediye_ID`);

--
-- Tablo için indeksler `Belediye_Departmanlar`
--
ALTER TABLE `Belediye_Departmanlar`
  ADD PRIMARY KEY (`Departman_ID`);

--
-- Tablo için indeksler `Belediye_Personeller`
--
ALTER TABLE `Belediye_Personeller`
  ADD PRIMARY KEY (`Personel_ID`);

--
-- Tablo için indeksler `Borclar`
--
ALTER TABLE `Borclar`
  ADD PRIMARY KEY (`Borc_ID`);

--
-- Tablo için indeksler `Borc_Tipleri`
--
ALTER TABLE `Borc_Tipleri`
  ADD PRIMARY KEY (`Tip_ID`);

--
-- Tablo için indeksler `Ilce`
--
ALTER TABLE `Ilce`
  ADD PRIMARY KEY (`Ilce_ID`);

--
-- Tablo için indeksler `Mahalle`
--
ALTER TABLE `Mahalle`
  ADD PRIMARY KEY (`Mahalle_ID`);

--
-- Tablo için indeksler `Moduller`
--
ALTER TABLE `Moduller`
  ADD PRIMARY KEY (`Modul_ID`);

--
-- Tablo için indeksler `Mulkler`
--
ALTER TABLE `Mulkler`
  ADD PRIMARY KEY (`Mulk_ID`);

--
-- Tablo için indeksler `Mulk_Tipleri`
--
ALTER TABLE `Mulk_Tipleri`
  ADD PRIMARY KEY (`Tip_ID`);

--
-- Tablo için indeksler `Odemeler`
--
ALTER TABLE `Odemeler`
  ADD PRIMARY KEY (`Odeme_ID`);

--
-- Tablo için indeksler `Sokaklar`
--
ALTER TABLE `Sokaklar`
  ADD PRIMARY KEY (`Sokak_ID`);

--
-- Tablo için indeksler `Sosyal_Yardimlar`
--
ALTER TABLE `Sosyal_Yardimlar`
  ADD PRIMARY KEY (`Yardim_ID`);

--
-- Tablo için indeksler `Sosyal_Yardimlar_Basvurular`
--
ALTER TABLE `Sosyal_Yardimlar_Basvurular`
  ADD PRIMARY KEY (`Basvuru_ID`);

--
-- Tablo için indeksler `Su_Abonelikler`
--
ALTER TABLE `Su_Abonelikler`
  ADD PRIMARY KEY (`Abone_ID`);

--
-- Tablo için indeksler `Talepler`
--
ALTER TABLE `Talepler`
  ADD PRIMARY KEY (`Talep_ID`);

--
-- Tablo için indeksler `Talepler_Mesajlar`
--
ALTER TABLE `Talepler_Mesajlar`
  ADD PRIMARY KEY (`Mesaj_ID`);

--
-- Tablo için indeksler `Talep_Tipleri`
--
ALTER TABLE `Talep_Tipleri`
  ADD PRIMARY KEY (`Tip_ID`);

--
-- Tablo için indeksler `Ulasim_Hareket_Saatleri`
--
ALTER TABLE `Ulasim_Hareket_Saatleri`
  ADD PRIMARY KEY (`Hareket_ID`);

--
-- Tablo için indeksler `Ulasim_Hatlar`
--
ALTER TABLE `Ulasim_Hatlar`
  ADD PRIMARY KEY (`Hat_ID`);

--
-- Tablo için indeksler `Ulasim_Hat_Tipleri`
--
ALTER TABLE `Ulasim_Hat_Tipleri`
  ADD PRIMARY KEY (`Hat_Tip_ID`);

--
-- Tablo için indeksler `Ulasim_Kartlar`
--
ALTER TABLE `Ulasim_Kartlar`
  ADD PRIMARY KEY (`Kart_ID`);

--
-- Tablo için indeksler `Ulasim_Kart_Islemler`
--
ALTER TABLE `Ulasim_Kart_Islemler`
  ADD PRIMARY KEY (`Islem_ID`);

--
-- Tablo için indeksler `Ulasim_Kart_Tipleri`
--
ALTER TABLE `Ulasim_Kart_Tipleri`
  ADD PRIMARY KEY (`Kart_Tip_ID`);

--
-- Tablo için indeksler `Ulasim_Tarifeler`
--
ALTER TABLE `Ulasim_Tarifeler`
  ADD PRIMARY KEY (`Tarife_ID`);

--
-- Tablo için indeksler `Uyeler`
--
ALTER TABLE `Uyeler`
  ADD PRIMARY KEY (`Uye_ID`),
  ADD UNIQUE KEY `Uye_TCK_No_Unique` (`Uye_TCK_No`),
  ADD UNIQUE KEY `Uye_Sicil_No_Unique` (`Uye_Sicil_No`),
  ADD UNIQUE KEY `Uye_Tel_No_Unique` (`Uye_Tel_No`);

--
-- Dökümü yapılmış tablolar için AUTO_INCREMENT değeri
--

--
-- Tablo için AUTO_INCREMENT değeri `Belediye`
--
ALTER TABLE `Belediye`
  MODIFY `Belediye_ID` int(11) NOT NULL AUTO_INCREMENT, AUTO_INCREMENT=2;

--
-- Tablo için AUTO_INCREMENT değeri `Belediye_Departmanlar`
--
ALTER TABLE `Belediye_Departmanlar`
  MODIFY `Departman_ID` int(11) NOT NULL AUTO_INCREMENT, AUTO_INCREMENT=10;

--
-- Tablo için AUTO_INCREMENT değeri `Belediye_Personeller`
--
ALTER TABLE `Belediye_Personeller`
  MODIFY `Personel_ID` int(11) NOT NULL AUTO_INCREMENT, AUTO_INCREMENT=52;

--
-- Tablo için AUTO_INCREMENT değeri `Borclar`
--
ALTER TABLE `Borclar`
  MODIFY `Borc_ID` int(11) NOT NULL AUTO_INCREMENT, AUTO_INCREMENT=1472;

--
-- Tablo için AUTO_INCREMENT değeri `Borc_Tipleri`
--
ALTER TABLE `Borc_Tipleri`
  MODIFY `Tip_ID` int(11) NOT NULL AUTO_INCREMENT, AUTO_INCREMENT=7;

--
-- Tablo için AUTO_INCREMENT değeri `Ilce`
--
ALTER TABLE `Ilce`
  MODIFY `Ilce_ID` int(11) NOT NULL AUTO_INCREMENT, AUTO_INCREMENT=2;

--
-- Tablo için AUTO_INCREMENT değeri `Mahalle`
--
ALTER TABLE `Mahalle`
  MODIFY `Mahalle_ID` int(11) NOT NULL AUTO_INCREMENT, AUTO_INCREMENT=11;

--
-- Tablo için AUTO_INCREMENT değeri `Moduller`
--
ALTER TABLE `Moduller`
  MODIFY `Modul_ID` int(11) NOT NULL AUTO_INCREMENT, AUTO_INCREMENT=20;

--
-- Tablo için AUTO_INCREMENT değeri `Mulkler`
--
ALTER TABLE `Mulkler`
  MODIFY `Mulk_ID` int(11) NOT NULL AUTO_INCREMENT, AUTO_INCREMENT=151;

--
-- Tablo için AUTO_INCREMENT değeri `Mulk_Tipleri`
--
ALTER TABLE `Mulk_Tipleri`
  MODIFY `Tip_ID` int(11) NOT NULL AUTO_INCREMENT, AUTO_INCREMENT=9;

--
-- Tablo için AUTO_INCREMENT değeri `Odemeler`
--
ALTER TABLE `Odemeler`
  MODIFY `Odeme_ID` int(11) NOT NULL AUTO_INCREMENT, AUTO_INCREMENT=25;

--
-- Tablo için AUTO_INCREMENT değeri `Sokaklar`
--
ALTER TABLE `Sokaklar`
  MODIFY `Sokak_ID` int(11) NOT NULL AUTO_INCREMENT, AUTO_INCREMENT=51;

--
-- Tablo için AUTO_INCREMENT değeri `Sosyal_Yardimlar`
--
ALTER TABLE `Sosyal_Yardimlar`
  MODIFY `Yardim_ID` int(11) NOT NULL AUTO_INCREMENT, AUTO_INCREMENT=4;

--
-- Tablo için AUTO_INCREMENT değeri `Sosyal_Yardimlar_Basvurular`
--
ALTER TABLE `Sosyal_Yardimlar_Basvurular`
  MODIFY `Basvuru_ID` int(11) NOT NULL AUTO_INCREMENT;

--
-- Tablo için AUTO_INCREMENT değeri `Su_Abonelikler`
--
ALTER TABLE `Su_Abonelikler`
  MODIFY `Abone_ID` int(11) NOT NULL AUTO_INCREMENT, AUTO_INCREMENT=1000071;

--
-- Tablo için AUTO_INCREMENT değeri `Talepler`
--
ALTER TABLE `Talepler`
  MODIFY `Talep_ID` int(11) NOT NULL AUTO_INCREMENT, AUTO_INCREMENT=7;

--
-- Tablo için AUTO_INCREMENT değeri `Talepler_Mesajlar`
--
ALTER TABLE `Talepler_Mesajlar`
  MODIFY `Mesaj_ID` int(11) NOT NULL AUTO_INCREMENT, AUTO_INCREMENT=8;

--
-- Tablo için AUTO_INCREMENT değeri `Talep_Tipleri`
--
ALTER TABLE `Talep_Tipleri`
  MODIFY `Tip_ID` int(11) NOT NULL AUTO_INCREMENT, AUTO_INCREMENT=6;

--
-- Tablo için AUTO_INCREMENT değeri `Ulasim_Hareket_Saatleri`
--
ALTER TABLE `Ulasim_Hareket_Saatleri`
  MODIFY `Hareket_ID` int(11) NOT NULL AUTO_INCREMENT, AUTO_INCREMENT=12;

--
-- Tablo için AUTO_INCREMENT değeri `Ulasim_Hatlar`
--
ALTER TABLE `Ulasim_Hatlar`
  MODIFY `Hat_ID` int(11) NOT NULL AUTO_INCREMENT, AUTO_INCREMENT=9;

--
-- Tablo için AUTO_INCREMENT değeri `Ulasim_Hat_Tipleri`
--
ALTER TABLE `Ulasim_Hat_Tipleri`
  MODIFY `Hat_Tip_ID` int(11) NOT NULL AUTO_INCREMENT, AUTO_INCREMENT=5;

--
-- Tablo için AUTO_INCREMENT değeri `Ulasim_Kartlar`
--
ALTER TABLE `Ulasim_Kartlar`
  MODIFY `Kart_ID` int(11) NOT NULL AUTO_INCREMENT, AUTO_INCREMENT=15;

--
-- Tablo için AUTO_INCREMENT değeri `Ulasim_Kart_Islemler`
--
ALTER TABLE `Ulasim_Kart_Islemler`
  MODIFY `Islem_ID` int(11) NOT NULL AUTO_INCREMENT, AUTO_INCREMENT=89;

--
-- Tablo için AUTO_INCREMENT değeri `Ulasim_Kart_Tipleri`
--
ALTER TABLE `Ulasim_Kart_Tipleri`
  MODIFY `Kart_Tip_ID` int(11) NOT NULL AUTO_INCREMENT, AUTO_INCREMENT=5;

--
-- Tablo için AUTO_INCREMENT değeri `Ulasim_Tarifeler`
--
ALTER TABLE `Ulasim_Tarifeler`
  MODIFY `Tarife_ID` int(11) NOT NULL AUTO_INCREMENT, AUTO_INCREMENT=5;

--
-- Tablo için AUTO_INCREMENT değeri `Uyeler`
--
ALTER TABLE `Uyeler`
  MODIFY `Uye_ID` int(11) NOT NULL AUTO_INCREMENT, AUTO_INCREMENT=125;
COMMIT;

/*!40101 SET CHARACTER_SET_CLIENT=@OLD_CHARACTER_SET_CLIENT */;
/*!40101 SET CHARACTER_SET_RESULTS=@OLD_CHARACTER_SET_RESULTS */;
/*!40101 SET COLLATION_CONNECTION=@OLD_COLLATION_CONNECTION */;
